SampID,Cruise,Compound,Fragment_mz,Experiment,Treatment,Replicate,Peak_Area
230605_Smp_TN397_UCH1_DMSP_A,TN397,D3-Homarine,97.0954,UCH1,DMSP,A,47821484
230605_Smp_TN397_UCH1_DMSP_B,TN397,D3-Homarine,97.0954,UCH1,DMSP,B,60561504
230605_Smp_TN397_UCH1_DMSP_C,TN397,D3-Homarine,97.0954,UCH1,DMSP,C,43561156
230605_Smp_TN397_UCH1_GBT_A,TN397,D3-Homarine,97.0954,UCH1,GBT,A,58919456
230605_Smp_TN397_UCH1_GBT_B,TN397,D3-Homarine,97.0954,UCH1,GBT,B,72601280
230605_Smp_TN397_UCH1_GBT_C,TN397,D3-Homarine,97.0954,UCH1,GBT,C,75851680
230605_Smp_TN397_UCH1_Gluc_A,TN397,D3-Homarine,97.0954,UCH1,Gluc,A,359786176
230605_Smp_TN397_UCH1_Gluc_B,TN397,D3-Homarine,97.0954,UCH1,Gluc,B,381707360
230605_Smp_TN397_UCH1_Gluc_C,TN397,D3-Homarine,97.0954,UCH1,Gluc,C,318537088
230605_Smp_TN397_UCH1_Hom_A,TN397,D3-Homarine,97.0954,UCH1,Hom,A,356331648
230605_Smp_TN397_UCH1_Hom_B,TN397,D3-Homarine,97.0954,UCH1,Hom,B,379556096
230605_Smp_TN397_UCH1_Hom_C,TN397,D3-Homarine,97.0954,UCH1,Hom,C,403650656
230605_Smp_TN397_UCH1_TMAO_A,TN397,D3-Homarine,97.0954,UCH1,TMAO,A,178376496
230605_Smp_TN397_UCH1_TMAO_B,TN397,D3-Homarine,97.0954,UCH1,TMAO,B,239230448
230605_Smp_TN397_UCH1_TMAO_C,TN397,D3-Homarine,97.0954,UCH1,TMAO,C,205264048
230605_Smp_TN397_UCH1_Trig_A,TN397,D3-Homarine,97.0954,UCH1,Trig,A,78252992
230605_Smp_TN397_UCH1_Trig_B,TN397,D3-Homarine,97.0954,UCH1,Trig,B,87626120
230605_Smp_TN397_UCH1_Trig_C,TN397,D3-Homarine,97.0954,UCH1,Trig,C,97128288
230605_Smp_TN397_UKH4_5nM_A,TN397,D3-Homarine,97.0954,UKH4,5nM,A,73624344
230605_Smp_TN397_UKH4_5nM_B,TN397,D3-Homarine,97.0954,UKH4,5nM,B,66613448
230605_Smp_TN397_UKH4_5nM_C,TN397,D3-Homarine,97.0954,UKH4,5nM,C,64891404
230605_Smp_TN397_UKH4_10nM_A,TN397,D3-Homarine,97.0954,UKH4,10nM,A,142600192
230605_Smp_TN397_UKH4_10nM_B,TN397,D3-Homarine,97.0954,UKH4,10nM,B,107834576
230605_Smp_TN397_UKH4_10nM_C,TN397,D3-Homarine,97.0954,UKH4,10nM,C,137314288
230605_Smp_TN397_UKH4_50nM_A,TN397,D3-Homarine,97.0954,UKH4,50nM,A,328705120
230605_Smp_TN397_UKH4_50nM_B,TN397,D3-Homarine,97.0954,UKH4,50nM,B,338690304
230605_Smp_TN397_UKH4_50nM_C,TN397,D3-Homarine,97.0954,UKH4,50nM,C,183231408
230605_Smp_TN397_UKH4_200nM_A,TN397,D3-Homarine,97.0954,UKH4,200nM,A,483020704
230605_Smp_TN397_UKH4_200nM_B,TN397,D3-Homarine,97.0954,UKH4,200nM,B,468836544
230605_Smp_TN397_UKH4_200nM_C,TN397,D3-Homarine,97.0954,UKH4,200nM,C,606046528
230605_Smp_TN397_UKH4_500nM_A,TN397,D3-Homarine,97.0954,UKH4,500nM,A,772125760
230605_Smp_TN397_UKH4_500nM_B,TN397,D3-Homarine,97.0954,UKH4,500nM,B,914786560
230605_Smp_TN397_UKH4_500nM_C,TN397,D3-Homarine,97.0954,UKH4,500nM,C,1021777664
230605_Smp_TN397_UKH4_1500nM_A,TN397,D3-Homarine,97.0954,UKH4,1500nM,A,1700538752
230605_Smp_TN397_UKH4_1500nM_B,TN397,D3-Homarine,97.0954,UKH4,1500nM,B,1574612736
230605_Smp_TN397_UKH4_1500nM_C,TN397,D3-Homarine,97.0954,UKH4,1500nM,C,1566194944
230605_Smp_TN397_UKH4_0nM_A,TN397,D3-Homarine,97.0954,UKH4,OnM,A,4024158
230605_Smp_TN397_UKH4_0nM_B,TN397,D3-Homarine,97.0954,UKH4,OnM,B,3582324
230605_Smp_TN397_UKH4_0nM_C,TN397,D3-Homarine,97.0954,UKH4,OnM,C,4410823
230605_Smp_TN397_UCH1_DMSP_A,TN397,D3-Homarine,78.0399,UCH1,DMSP,A,79062752
230605_Smp_TN397_UCH1_DMSP_B,TN397,D3-Homarine,78.0399,UCH1,DMSP,B,100408416
230605_Smp_TN397_UCH1_DMSP_C,TN397,D3-Homarine,78.0399,UCH1,DMSP,C,71935968
230605_Smp_TN397_UCH1_GBT_A,TN397,D3-Homarine,78.0399,UCH1,GBT,A,97192288
230605_Smp_TN397_UCH1_GBT_B,TN397,D3-Homarine,78.0399,UCH1,GBT,B,120498520
230605_Smp_TN397_UCH1_GBT_C,TN397,D3-Homarine,78.0399,UCH1,GBT,C,125988240
230605_Smp_TN397_UCH1_Gluc_A,TN397,D3-Homarine,78.0399,UCH1,Gluc,A,592569280
230605_Smp_TN397_UCH1_Gluc_B,TN397,D3-Homarine,78.0399,UCH1,Gluc,B,633127296
230605_Smp_TN397_UCH1_Gluc_C,TN397,D3-Homarine,78.0399,UCH1,Gluc,C,525212384
230605_Smp_TN397_UCH1_Hom_A,TN397,D3-Homarine,78.0399,UCH1,Hom,A,590547200
230605_Smp_TN397_UCH1_Hom_B,TN397,D3-Homarine,78.0399,UCH1,Hom,B,621934656
230605_Smp_TN397_UCH1_Hom_C,TN397,D3-Homarine,78.0399,UCH1,Hom,C,671313600
230605_Smp_TN397_UCH1_TMAO_A,TN397,D3-Homarine,78.0399,UCH1,TMAO,A,295622400
230605_Smp_TN397_UCH1_TMAO_B,TN397,D3-Homarine,78.0399,UCH1,TMAO,B,396282016
230605_Smp_TN397_UCH1_TMAO_C,TN397,D3-Homarine,78.0399,UCH1,TMAO,C,340234208
230605_Smp_TN397_UCH1_Trig_A,TN397,D3-Homarine,78.0399,UCH1,Trig,A,128461592
230605_Smp_TN397_UCH1_Trig_B,TN397,D3-Homarine,78.0399,UCH1,Trig,B,145172160
230605_Smp_TN397_UCH1_Trig_C,TN397,D3-Homarine,78.0399,UCH1,Trig,C,160205120
230605_Smp_TN397_UKH4_5nM_A,TN397,D3-Homarine,78.0399,UKH4,5nM,A,118959280
230605_Smp_TN397_UKH4_5nM_B,TN397,D3-Homarine,78.0399,UKH4,5nM,B,107138968
230605_Smp_TN397_UKH4_5nM_C,TN397,D3-Homarine,78.0399,UKH4,5nM,C,103408928
230605_Smp_TN397_UKH4_10nM_A,TN397,D3-Homarine,78.0399,UKH4,10nM,A,230152704
230605_Smp_TN397_UKH4_10nM_B,TN397,D3-Homarine,78.0399,UKH4,10nM,B,172826272
230605_Smp_TN397_UKH4_10nM_C,TN397,D3-Homarine,78.0399,UKH4,10nM,C,220847072
230605_Smp_TN397_UKH4_50nM_A,TN397,D3-Homarine,78.0399,UKH4,50nM,A,529117120
230605_Smp_TN397_UKH4_50nM_B,TN397,D3-Homarine,78.0399,UKH4,50nM,B,549230464
230605_Smp_TN397_UKH4_50nM_C,TN397,D3-Homarine,78.0399,UKH4,50nM,C,294324160
230605_Smp_TN397_UKH4_200nM_A,TN397,D3-Homarine,78.0399,UKH4,200nM,A,781823616
230605_Smp_TN397_UKH4_200nM_B,TN397,D3-Homarine,78.0399,UKH4,200nM,B,759288896
230605_Smp_TN397_UKH4_200nM_C,TN397,D3-Homarine,78.0399,UKH4,200nM,C,980167424
230605_Smp_TN397_UKH4_500nM_A,TN397,D3-Homarine,78.0399,UKH4,500nM,A,1259190400
230605_Smp_TN397_UKH4_500nM_B,TN397,D3-Homarine,78.0399,UKH4,500nM,B,1477077504
230605_Smp_TN397_UKH4_500nM_C,TN397,D3-Homarine,78.0399,UKH4,500nM,C,1663917568
230605_Smp_TN397_UKH4_1500nM_A,TN397,D3-Homarine,78.0399,UKH4,1500nM,A,2733543680
230605_Smp_TN397_UKH4_1500nM_B,TN397,D3-Homarine,78.0399,UKH4,1500nM,B,2551390208
230605_Smp_TN397_UKH4_1500nM_C,TN397,D3-Homarine,78.0399,UKH4,1500nM,C,2524300288
230605_Smp_TN397_UKH4_0nM_A,TN397,D3-Homarine,78.0399,UKH4,OnM,A,5426447
230605_Smp_TN397_UKH4_0nM_B,TN397,D3-Homarine,78.0399,UKH4,OnM,B,4875225
230605_Smp_TN397_UKH4_0nM_C,TN397,D3-Homarine,78.0399,UKH4,OnM,C,5781152
230607_Smp_TN397_UKH5_2nM_A,TN397,D3-Homarine,97.0954,UKH5,2nM,A,54340404
230607_Smp_TN397_UKH5_2nM_B,TN397,D3-Homarine,97.0954,UKH5,2nM,B,88689656
230607_Smp_TN397_UKH5_2nM_C,TN397,D3-Homarine,97.0954,UKH5,2nM,C,47921752
230607_Smp_TN397_UKH5_5nM_A,TN397,D3-Homarine,97.0954,UKH5,5nM,A,195115760
230607_Smp_TN397_UKH5_5nM_B,TN397,D3-Homarine,97.0954,UKH5,5nM,B,132405120
230607_Smp_TN397_UKH5_5nM_C,TN397,D3-Homarine,97.0954,UKH5,5nM,C,126956888
230607_Smp_TN397_UKH5_10nM_A,TN397,D3-Homarine,97.0954,UKH5,10nM,A,210067440
230607_Smp_TN397_UKH5_10nM_B,TN397,D3-Homarine,97.0954,UKH5,10nM,B,218223664
230607_Smp_TN397_UKH5_10nM_Blk,TN397,D3-Homarine,97.0954,UKH5,10nM,Blk,8187516
230607_Smp_TN397_UKH5_10nM_C,TN397,D3-Homarine,97.0954,UKH5,10nM,C,205189696
230607_Smp_TN397_UKH5_50nM_A,TN397,D3-Homarine,97.0954,UKH5,50nM,A,652767936
230607_Smp_TN397_UKH5_50nM_B,TN397,D3-Homarine,97.0954,UKH5,50nM,B,660384960
230607_Smp_TN397_UKH5_50nM_C,TN397,D3-Homarine,97.0954,UKH5,50nM,C,807148672
230607_Smp_TN397_UKH5_200nM_A,TN397,D3-Homarine,97.0954,UKH5,200nM,A,1592711424
230607_Smp_TN397_UKH5_200nM_B,TN397,D3-Homarine,97.0954,UKH5,200nM,B,1617368064
230607_Smp_TN397_UKH5_200nM_Blk,TN397,D3-Homarine,97.0954,UKH5,200nM,Blk,89468568
230607_Smp_TN397_UKH5_200nM_C,TN397,D3-Homarine,97.0954,UKH5,200nM,C,1500981504
230607_Smp_TN397_UKH5_1000nM_A,TN397,D3-Homarine,97.0954,UKH5,1000nM,A,3320977152
230607_Smp_TN397_UKH5_1000nM_B,TN397,D3-Homarine,97.0954,UKH5,1000nM,B,3447672064
230607_Smp_TN397_UKH5_1000nM_C,TN397,D3-Homarine,97.0954,UKH5,1000nM,C,3437966080
230607_Smp_TN397_UKH5_0nM_A,TN397,D3-Homarine,97.0954,UKH5,OnM,A,4452591
230607_Smp_TN397_UKH5_0nM_B,TN397,D3-Homarine,97.0954,UKH5,OnM,B,5645406
230607_Smp_TN397_UKH5_0nM_C,TN397,D3-Homarine,97.0954,UKH5,OnM,C,4269399
230607_Smp_TN397_UKH5_2nM_A,TN397,D3-Homarine,78.0399,UKH5,2nM,A,87035864
230607_Smp_TN397_UKH5_2nM_B,TN397,D3-Homarine,78.0399,UKH5,2nM,B,142917152
230607_Smp_TN397_UKH5_2nM_C,TN397,D3-Homarine,78.0399,UKH5,2nM,C,78468336
230607_Smp_TN397_UKH5_5nM_A,TN397,D3-Homarine,78.0399,UKH5,5nM,A,314925696
230607_Smp_TN397_UKH5_5nM_B,TN397,D3-Homarine,78.0399,UKH5,5nM,B,214120720
230607_Smp_TN397_UKH5_5nM_C,TN397,D3-Homarine,78.0399,UKH5,5nM,C,204129744
230607_Smp_TN397_UKH5_10nM_A,TN397,D3-Homarine,78.0399,UKH5,10nM,A,337205504
230607_Smp_TN397_UKH5_10nM_B,TN397,D3-Homarine,78.0399,UKH5,10nM,B,351339232
230607_Smp_TN397_UKH5_10nM_Blk,TN397,D3-Homarine,78.0399,UKH5,10nM,Blk,13809895
230607_Smp_TN397_UKH5_10nM_C,TN397,D3-Homarine,78.0399,UKH5,10nM,C,333139520
230607_Smp_TN397_UKH5_50nM_A,TN397,D3-Homarine,78.0399,UKH5,50nM,A,1063806464
230607_Smp_TN397_UKH5_50nM_B,TN397,D3-Homarine,78.0399,UKH5,50nM,B,1070110016
230607_Smp_TN397_UKH5_50nM_C,TN397,D3-Homarine,78.0399,UKH5,50nM,C,1289366656
230607_Smp_TN397_UKH5_200nM_A,TN397,D3-Homarine,78.0399,UKH5,200nM,A,2573938944
230607_Smp_TN397_UKH5_200nM_B,TN397,D3-Homarine,78.0399,UKH5,200nM,B,2611740672
230607_Smp_TN397_UKH5_200nM_Blk,TN397,D3-Homarine,78.0399,UKH5,200nM,Blk,146496672
230607_Smp_TN397_UKH5_200nM_C,TN397,D3-Homarine,78.0399,UKH5,200nM,C,2418186240
230607_Smp_TN397_UKH5_1000nM_A,TN397,D3-Homarine,78.0399,UKH5,1000nM,A,4919056896
230607_Smp_TN397_UKH5_1000nM_B,TN397,D3-Homarine,78.0399,UKH5,1000nM,B,5051148288
230607_Smp_TN397_UKH5_1000nM_C,TN397,D3-Homarine,78.0399,UKH5,1000nM,C,5033154048
230607_Smp_TN397_UKH5_0nM_A,TN397,D3-Homarine,78.0399,UKH5,OnM,A,6224180
230607_Smp_TN397_UKH5_0nM_B,TN397,D3-Homarine,78.0399,UKH5,OnM,B,8266417
230607_Smp_TN397_UKH5_0nM_C,TN397,D3-Homarine,78.0399,UKH5,OnM,C,5886392
230808_Smp_TN397_UKH1_0nM_A,TN397,D3-Homarine,97.0954,UKH1,0nM,A,231636
230808_Smp_TN397_UKH1_0nM_B,TN397,D3-Homarine,97.0954,UKH1,0nM,B,95768
230808_Smp_TN397_UKH1_0nM_C,TN397,D3-Homarine,97.0954,UKH1,0nM,C,61749
230808_Smp_TN397_UKH1_2nM_A,TN397,D3-Homarine,97.0954,UKH1,2nM,A,22031960
230808_Smp_TN397_UKH1_2nM_B,TN397,D3-Homarine,97.0954,UKH1,2nM,B,27498724
230808_Smp_TN397_UKH1_2nM_C,TN397,D3-Homarine,97.0954,UKH1,2nM,C,26863096
230808_Smp_TN397_UKH1_5nM_A,TN397,D3-Homarine,97.0954,UKH1,5nM,A,31214320
230808_Smp_TN397_UKH1_5nM_B,TN397,D3-Homarine,97.0954,UKH1,5nM,B,44637492
230808_Smp_TN397_UKH1_5nM_C,TN397,D3-Homarine,97.0954,UKH1,5nM,C,32628768
230808_Smp_TN397_UKH1_10nM_A,TN397,D3-Homarine,97.0954,UKH1,10nM,A,61796380
230808_Smp_TN397_UKH1_10nM_B,TN397,D3-Homarine,97.0954,UKH1,10nM,B,69511792
230808_Smp_TN397_UKH1_10nM_C,TN397,D3-Homarine,97.0954,UKH1,10nM,C,86028864
230808_Smp_TN397_UKH1_50nM_A,TN397,D3-Homarine,97.0954,UKH1,50nM,A,111037592
230808_Smp_TN397_UKH1_50nM_B,TN397,D3-Homarine,97.0954,UKH1,50nM,B,87836616
230808_Smp_TN397_UKH1_50nM_C,TN397,D3-Homarine,97.0954,UKH1,50nM,C,152683072
230808_Smp_TN397_UKH1_200nM_A,TN397,D3-Homarine,97.0954,UKH1,200nM,A,253501664
230808_Smp_TN397_UKH1_200nM_B,TN397,D3-Homarine,97.0954,UKH1,200nM,B,309969536
230808_Smp_TN397_UKH1_200nM_C,TN397,D3-Homarine,97.0954,UKH1,200nM,C,284735488
230808_Smp_TN397_UKH1_1000nM_A,TN397,D3-Homarine,97.0954,UKH1,1000nM,A,520905792
230808_Smp_TN397_UKH1_1000nM_B,TN397,D3-Homarine,97.0954,UKH1,1000nM,B,436619040
230808_Smp_TN397_UKH1_1000nM_C,TN397,D3-Homarine,97.0954,UKH1,1000nM,C,476164064
230808_Smp_TN397_UKH2_0nM_A,TN397,D3-Homarine,97.0954,UKH2,0nM,A,69784
230808_Smp_TN397_UKH2_0nM_B,TN397,D3-Homarine,97.0954,UKH2,0nM,B,78395
230808_Smp_TN397_UKH2_0nM_Blk,TN397,D3-Homarine,97.0954,UKH2,0nM,Blk,293832
230808_Smp_TN397_UKH2_0nM_C,TN397,D3-Homarine,97.0954,UKH2,0nM,C,18807
230808_Smp_TN397_UKH2_2nM_A,TN397,D3-Homarine,97.0954,UKH2,2nM,A,14286235
230808_Smp_TN397_UKH2_2nM_B,TN397,D3-Homarine,97.0954,UKH2,2nM,B,8789532
230808_Smp_TN397_UKH2_2nM_C,TN397,D3-Homarine,97.0954,UKH2,2nM,C,11667749
230808_Smp_TN397_UKH2_5nM_A,TN397,D3-Homarine,97.0954,UKH2,5nM,A,26830354
230808_Smp_TN397_UKH2_5nM_B,TN397,D3-Homarine,97.0954,UKH2,5nM,B,19450986
230808_Smp_TN397_UKH2_5nM_Blk,TN397,D3-Homarine,97.0954,UKH2,5nM,Blk,1193712
230808_Smp_TN397_UKH2_5nM_C,TN397,D3-Homarine,97.0954,UKH2,5nM,C,21040020
230808_Smp_TN397_UKH2_10nM_A,TN397,D3-Homarine,97.0954,UKH2,10nM,A,38304084
230808_Smp_TN397_UKH2_10nM_B,TN397,D3-Homarine,97.0954,UKH2,10nM,B,44193156
230808_Smp_TN397_UKH2_10nM_C,TN397,D3-Homarine,97.0954,UKH2,10nM,C,35176476
230808_Smp_TN397_UKH2_50nM_A,TN397,D3-Homarine,97.0954,UKH2,50nM,A,110597808
230808_Smp_TN397_UKH2_50nM_B,TN397,D3-Homarine,97.0954,UKH2,50nM,B,122085008
230808_Smp_TN397_UKH2_50nM_Blk,TN397,D3-Homarine,97.0954,UKH2,50nM,Blk,8201684
230808_Smp_TN397_UKH2_50nM_C,TN397,D3-Homarine,97.0954,UKH2,50nM,C,132032800
230808_Smp_TN397_UKH2_200nM_A,TN397,D3-Homarine,97.0954,UKH2,200nM,A,156552960
230808_Smp_TN397_UKH2_200nM_B,TN397,D3-Homarine,97.0954,UKH2,200nM,B,201671136
230808_Smp_TN397_UKH2_200nM_C,TN397,D3-Homarine,97.0954,UKH2,200nM,C,186435536
230808_Smp_TN397_UKH2_1000nM_A,TN397,D3-Homarine,97.0954,UKH2,1000nM,A,365642400
230808_Smp_TN397_UKH2_1000nM_B,TN397,D3-Homarine,97.0954,UKH2,1000nM,B,379650752
230808_Smp_TN397_UKH2_1000nM_Blk,TN397,D3-Homarine,97.0954,UKH2,1000nM,Blk,173022544
230808_Smp_TN397_UKH2_1000nM_C,TN397,D3-Homarine,97.0954,UKH2,1000nM,C,500793536
230808_Smp_TN397_UKH3_0nM_A,TN397,D3-Homarine,97.0954,UKH3,0nM,A,636509
230808_Smp_TN397_UKH3_0nM_B,TN397,D3-Homarine,97.0954,UKH3,0nM,B,440417
230808_Smp_TN397_UKH3_0nM_C,TN397,D3-Homarine,97.0954,UKH3,0nM,C,412887
230808_Smp_TN397_UKH3_5nM_A,TN397,D3-Homarine,97.0954,UKH3,5nM,A,27525560
230808_Smp_TN397_UKH3_5nM_B,TN397,D3-Homarine,97.0954,UKH3,5nM,B,25256614
230808_Smp_TN397_UKH3_5nM_C,TN397,D3-Homarine,97.0954,UKH3,5nM,C,22871218
230808_Smp_TN397_UKH3_10nM_A,TN397,D3-Homarine,97.0954,UKH3,10nM,A,41060556
230808_Smp_TN397_UKH3_10nM_B,TN397,D3-Homarine,97.0954,UKH3,10nM,B,49087296
230808_Smp_TN397_UKH3_10nM_C,TN397,D3-Homarine,97.0954,UKH3,10nM,C,47514768
230808_Smp_TN397_UKH3_50nM_A,TN397,D3-Homarine,97.0954,UKH3,50nM,A,109510248
230808_Smp_TN397_UKH3_50nM_B,TN397,D3-Homarine,97.0954,UKH3,50nM,B,175200784
230808_Smp_TN397_UKH3_50nM_C,TN397,D3-Homarine,97.0954,UKH3,50nM,C,181006272
230808_Smp_TN397_UKH3_200nM_A,TN397,D3-Homarine,97.0954,UKH3,200nM,A,307262144
230808_Smp_TN397_UKH3_200nM_B,TN397,D3-Homarine,97.0954,UKH3,200nM,B,356851904
230808_Smp_TN397_UKH3_200nM_C,TN397,D3-Homarine,97.0954,UKH3,200nM,C,399328960
230808_Smp_TN397_UKH3_500nM_A,TN397,D3-Homarine,97.0954,UKH3,500nM,A,472834176
230808_Smp_TN397_UKH3_500nM_B,TN397,D3-Homarine,97.0954,UKH3,500nM,B,639542720
230808_Smp_TN397_UKH3_500nM_C,TN397,D3-Homarine,97.0954,UKH3,500nM,C,456333408
230808_Smp_TN397_UKH3_1500nM_A,TN397,D3-Homarine,97.0954,UKH3,1500nM,A,903358528
230808_Smp_TN397_UKH3_1500nM_B,TN397,D3-Homarine,97.0954,UKH3,1500nM,B,962107072
230808_Smp_TN397_UKH3_1500nM_C,TN397,D3-Homarine,97.0954,UKH3,1500nM,C,1367631744
230808_Smp_TN397_UKH1_0nM_A,TN397,D3-Homarine,78.0399,UKH1,0nM,A,285326
230808_Smp_TN397_UKH1_0nM_B,TN397,D3-Homarine,78.0399,UKH1,0nM,B,76580
230808_Smp_TN397_UKH1_0nM_C,TN397,D3-Homarine,78.0399,UKH1,0nM,C,316933
230808_Smp_TN397_UKH1_2nM_A,TN397,D3-Homarine,78.0399,UKH1,2nM,A,39748560
230808_Smp_TN397_UKH1_2nM_B,TN397,D3-Homarine,78.0399,UKH1,2nM,B,50080256
230808_Smp_TN397_UKH1_2nM_C,TN397,D3-Homarine,78.0399,UKH1,2nM,C,46484356
230808_Smp_TN397_UKH1_5nM_A,TN397,D3-Homarine,78.0399,UKH1,5nM,A,55434760
230808_Smp_TN397_UKH1_5nM_B,TN397,D3-Homarine,78.0399,UKH1,5nM,B,81290168
230808_Smp_TN397_UKH1_5nM_C,TN397,D3-Homarine,78.0399,UKH1,5nM,C,60305912
230808_Smp_TN397_UKH1_10nM_A,TN397,D3-Homarine,78.0399,UKH1,10nM,A,109796392
230808_Smp_TN397_UKH1_10nM_B,TN397,D3-Homarine,78.0399,UKH1,10nM,B,120822528
230808_Smp_TN397_UKH1_10nM_C,TN397,D3-Homarine,78.0399,UKH1,10nM,C,152260480
230808_Smp_TN397_UKH1_50nM_A,TN397,D3-Homarine,78.0399,UKH1,50nM,A,195477024
230808_Smp_TN397_UKH1_50nM_B,TN397,D3-Homarine,78.0399,UKH1,50nM,B,161738512
230808_Smp_TN397_UKH1_50nM_C,TN397,D3-Homarine,78.0399,UKH1,50nM,C,266607056
230808_Smp_TN397_UKH1_200nM_A,TN397,D3-Homarine,78.0399,UKH1,200nM,A,441038368
230808_Smp_TN397_UKH1_200nM_B,TN397,D3-Homarine,78.0399,UKH1,200nM,B,536815520
230808_Smp_TN397_UKH1_200nM_C,TN397,D3-Homarine,78.0399,UKH1,200nM,C,494037184
230808_Smp_TN397_UKH1_1000nM_A,TN397,D3-Homarine,78.0399,UKH1,1000nM,A,915858432
230808_Smp_TN397_UKH1_1000nM_B,TN397,D3-Homarine,78.0399,UKH1,1000nM,B,762202112
230808_Smp_TN397_UKH1_1000nM_C,TN397,D3-Homarine,78.0399,UKH1,1000nM,C,819295936
230808_Smp_TN397_UKH2_0nM_A,TN397,D3-Homarine,78.0399,UKH2,0nM,A,173022
230808_Smp_TN397_UKH2_0nM_B,TN397,D3-Homarine,78.0399,UKH2,0nM,B,204605
230808_Smp_TN397_UKH2_0nM_Blk,TN397,D3-Homarine,78.0399,UKH2,0nM,Blk,721438
230808_Smp_TN397_UKH2_0nM_C,TN397,D3-Homarine,78.0399,UKH2,0nM,C,93329
230808_Smp_TN397_UKH2_2nM_A,TN397,D3-Homarine,78.0399,UKH2,2nM,A,25774408
230808_Smp_TN397_UKH2_2nM_B,TN397,D3-Homarine,78.0399,UKH2,2nM,B,15633825
230808_Smp_TN397_UKH2_2nM_C,TN397,D3-Homarine,78.0399,UKH2,2nM,C,20962082
230808_Smp_TN397_UKH2_5nM_A,TN397,D3-Homarine,78.0399,UKH2,5nM,A,48146016
230808_Smp_TN397_UKH2_5nM_B,TN397,D3-Homarine,78.0399,UKH2,5nM,B,37232904
230808_Smp_TN397_UKH2_5nM_Blk,TN397,D3-Homarine,78.0399,UKH2,5nM,Blk,1604881
230808_Smp_TN397_UKH2_5nM_C,TN397,D3-Homarine,78.0399,UKH2,5nM,C,37674596
230808_Smp_TN397_UKH2_10nM_A,TN397,D3-Homarine,78.0399,UKH2,10nM,A,71686648
230808_Smp_TN397_UKH2_10nM_B,TN397,D3-Homarine,78.0399,UKH2,10nM,B,78342152
230808_Smp_TN397_UKH2_10nM_C,TN397,D3-Homarine,78.0399,UKH2,10nM,C,63817200
230808_Smp_TN397_UKH2_50nM_A,TN397,D3-Homarine,78.0399,UKH2,50nM,A,207566528
230808_Smp_TN397_UKH2_50nM_B,TN397,D3-Homarine,78.0399,UKH2,50nM,B,216325792
230808_Smp_TN397_UKH2_50nM_Blk,TN397,D3-Homarine,78.0399,UKH2,50nM,Blk,14768423
230808_Smp_TN397_UKH2_50nM_C,TN397,D3-Homarine,78.0399,UKH2,50nM,C,236454544
230808_Smp_TN397_UKH2_200nM_A,TN397,D3-Homarine,78.0399,UKH2,200nM,A,290374528
230808_Smp_TN397_UKH2_200nM_B,TN397,D3-Homarine,78.0399,UKH2,200nM,B,359918784
230808_Smp_TN397_UKH2_200nM_C,TN397,D3-Homarine,78.0399,UKH2,200nM,C,331932544
230808_Smp_TN397_UKH2_1000nM_A,TN397,D3-Homarine,78.0399,UKH2,1000nM,A,674270400
230808_Smp_TN397_UKH2_1000nM_B,TN397,D3-Homarine,78.0399,UKH2,1000nM,B,680776192
230808_Smp_TN397_UKH2_1000nM_Blk,TN397,D3-Homarine,78.0399,UKH2,1000nM,Blk,309155072
230808_Smp_TN397_UKH2_1000nM_C,TN397,D3-Homarine,78.0399,UKH2,1000nM,C,892672320
230808_Smp_TN397_UKH3_0nM_A,TN397,D3-Homarine,78.0399,UKH3,0nM,A,933014
230808_Smp_TN397_UKH3_0nM_B,TN397,D3-Homarine,78.0399,UKH3,0nM,B,697627
230808_Smp_TN397_UKH3_0nM_C,TN397,D3-Homarine,78.0399,UKH3,0nM,C,572703
230808_Smp_TN397_UKH3_5nM_A,TN397,D3-Homarine,78.0399,UKH3,5nM,A,49103572
230808_Smp_TN397_UKH3_5nM_B,TN397,D3-Homarine,78.0399,UKH3,5nM,B,45086868
230808_Smp_TN397_UKH3_5nM_C,TN397,D3-Homarine,78.0399,UKH3,5nM,C,41051868
230808_Smp_TN397_UKH3_10nM_A,TN397,D3-Homarine,78.0399,UKH3,10nM,A,73181208
230808_Smp_TN397_UKH3_10nM_B,TN397,D3-Homarine,78.0399,UKH3,10nM,B,87244208
230808_Smp_TN397_UKH3_10nM_C,TN397,D3-Homarine,78.0399,UKH3,10nM,C,85929784
230808_Smp_TN397_UKH3_50nM_A,TN397,D3-Homarine,78.0399,UKH3,50nM,A,197082528
230808_Smp_TN397_UKH3_50nM_B,TN397,D3-Homarine,78.0399,UKH3,50nM,B,324306944
230808_Smp_TN397_UKH3_50nM_C,TN397,D3-Homarine,78.0399,UKH3,50nM,C,324934208
230808_Smp_TN397_UKH3_200nM_A,TN397,D3-Homarine,78.0399,UKH3,200nM,A,551232256
230808_Smp_TN397_UKH3_200nM_B,TN397,D3-Homarine,78.0399,UKH3,200nM,B,638406848
230808_Smp_TN397_UKH3_200nM_C,TN397,D3-Homarine,78.0399,UKH3,200nM,C,710963072
230808_Smp_TN397_UKH3_500nM_A,TN397,D3-Homarine,78.0399,UKH3,500nM,A,845375616
230808_Smp_TN397_UKH3_500nM_B,TN397,D3-Homarine,78.0399,UKH3,500nM,B,1145660160
230808_Smp_TN397_UKH3_500nM_C,TN397,D3-Homarine,78.0399,UKH3,500nM,C,815862464
230808_Smp_TN397_UKH3_1500nM_A,TN397,D3-Homarine,78.0399,UKH3,1500nM,A,1618648960
230808_Smp_TN397_UKH3_1500nM_B,TN397,D3-Homarine,78.0399,UKH3,1500nM,B,1721683072
230808_Smp_TN397_UKH3_1500nM_C,TN397,D3-Homarine,78.0399,UKH3,1500nM,C,2444115456
230403_Smp_RC078_UKH1_0nM_A,RC078,D3-Homarine,97.0954,UKH1,0nM,A,7056639
230403_Smp_RC078_UKH1_0nM_B,RC078,D3-Homarine,97.0954,UKH1,0nM,B,8327358
230403_Smp_RC078_UKH1_0nM_C,RC078,D3-Homarine,97.0954,UKH1,0nM,C,7213434
230403_Smp_RC078_UKH1_5nM_A,RC078,D3-Homarine,97.0954,UKH1,5nM,A,66051608
230403_Smp_RC078_UKH1_5nM_B,RC078,D3-Homarine,97.0954,UKH1,5nM,B,28669502
230403_Smp_RC078_UKH1_5nM_C,RC078,D3-Homarine,97.0954,UKH1,5nM,C,30658204
230403_Smp_RC078_UKH1_10nM_A,RC078,D3-Homarine,97.0954,UKH1,10nM,A,48177172
230403_Smp_RC078_UKH1_10nM_B,RC078,D3-Homarine,97.0954,UKH1,10nM,B,43805736
230403_Smp_RC078_UKH1_10nM_C,RC078,D3-Homarine,97.0954,UKH1,10nM,C,49656904
230403_Smp_RC078_UKH1_50nM_A,RC078,D3-Homarine,97.0954,UKH1,50nM,A,136254832
230403_Smp_RC078_UKH1_50nM_B,RC078,D3-Homarine,97.0954,UKH1,50nM,B,153774992
230403_Smp_RC078_UKH1_50nM_C,RC078,D3-Homarine,97.0954,UKH1,50nM,C,143849856
230403_Smp_RC078_UKH1_200nM_A,RC078,D3-Homarine,97.0954,UKH1,200nM,A,276703360
230403_Smp_RC078_UKH1_200nM_B,RC078,D3-Homarine,97.0954,UKH1,200nM,B,345274560
230403_Smp_RC078_UKH1_200nM_C,RC078,D3-Homarine,97.0954,UKH1,200nM,C,335974688
230403_Smp_RC078_UKH1_500nM_A,RC078,D3-Homarine,97.0954,UKH1,500nM,A,442306080
230403_Smp_RC078_UKH1_500nM_B,RC078,D3-Homarine,97.0954,UKH1,500nM,B,437555808
230403_Smp_RC078_UKH1_500nM_C,RC078,D3-Homarine,97.0954,UKH1,500nM,C,426749344
230403_Smp_RC078_UKH1_2000nM_A,RC078,D3-Homarine,97.0954,UKH1,2000nM,A,1103141376
230403_Smp_RC078_UKH1_2000nM_B,RC078,D3-Homarine,97.0954,UKH1,2000nM,B,1088666240
230403_Smp_RC078_UKH1_2000nM_C,RC078,D3-Homarine,97.0954,UKH1,2000nM,C,1088802944
230403_Smp_RC078_UKH1_0nM_A,RC078,D3-Homarine,78.0399,UKH1,0nM,A,9090544
230403_Smp_RC078_UKH1_0nM_B,RC078,D3-Homarine,78.0399,UKH1,0nM,B,10949274
230403_Smp_RC078_UKH1_0nM_C,RC078,D3-Homarine,78.0399,UKH1,0nM,C,9563562
230403_Smp_RC078_UKH1_5nM_A,RC078,D3-Homarine,78.0399,UKH1,5nM,A,97241824
230403_Smp_RC078_UKH1_5nM_B,RC078,D3-Homarine,78.0399,UKH1,5nM,B,44551540
230403_Smp_RC078_UKH1_5nM_C,RC078,D3-Homarine,78.0399,UKH1,5nM,C,46174392
230403_Smp_RC078_UKH1_10nM_A,RC078,D3-Homarine,78.0399,UKH1,10nM,A,71500976
230403_Smp_RC078_UKH1_10nM_B,RC078,D3-Homarine,78.0399,UKH1,10nM,B,66564348
230403_Smp_RC078_UKH1_10nM_C,RC078,D3-Homarine,78.0399,UKH1,10nM,C,73591672
230403_Smp_RC078_UKH1_50nM_A,RC078,D3-Homarine,78.0399,UKH1,50nM,A,211638080
230403_Smp_RC078_UKH1_50nM_B,RC078,D3-Homarine,78.0399,UKH1,50nM,B,235245216
230403_Smp_RC078_UKH1_50nM_C,RC078,D3-Homarine,78.0399,UKH1,50nM,C,225002304
230403_Smp_RC078_UKH1_200nM_A,RC078,D3-Homarine,78.0399,UKH1,200nM,A,430780864
230403_Smp_RC078_UKH1_200nM_B,RC078,D3-Homarine,78.0399,UKH1,200nM,B,538042368
230403_Smp_RC078_UKH1_200nM_C,RC078,D3-Homarine,78.0399,UKH1,200nM,C,523504064
230403_Smp_RC078_UKH1_500nM_A,RC078,D3-Homarine,78.0399,UKH1,500nM,A,687574528
230403_Smp_RC078_UKH1_500nM_B,RC078,D3-Homarine,78.0399,UKH1,500nM,B,679011328
230403_Smp_RC078_UKH1_500nM_C,RC078,D3-Homarine,78.0399,UKH1,500nM,C,655060032
230403_Smp_RC078_UKH1_2000nM_A,RC078,D3-Homarine,78.0399,UKH1,2000nM,A,1719910272
230403_Smp_RC078_UKH1_2000nM_B,RC078,D3-Homarine,78.0399,UKH1,2000nM,B,1682849280
230403_Smp_RC078_UKH1_2000nM_C,RC078,D3-Homarine,78.0399,UKH1,2000nM,C,1705393152
230921_Smp_RC078_UKH2_0nM_A,RC078,D3-Homarine,97.0954,UKH2,0nM,A,11470717
230921_Smp_RC078_UKH2_0nM_B,RC078,D3-Homarine,97.0954,UKH2,0nM,B,12459893
230921_Smp_RC078_UKH2_0nM_C,RC078,D3-Homarine,97.0954,UKH2,0nM,C,12260651
230921_Smp_RC078_UKH2_5nM_A,RC078,D3-Homarine,97.0954,UKH2,5nM,A,39758352
230921_Smp_RC078_UKH2_5nM_B,RC078,D3-Homarine,97.0954,UKH2,5nM,B,15574958
230921_Smp_RC078_UKH2_5nM_C,RC078,D3-Homarine,97.0954,UKH2,5nM,C,18345304
230921_Smp_RC078_UKH2_10nM_A,RC078,D3-Homarine,97.0954,UKH2,10nM,A,41461784
230921_Smp_RC078_UKH2_10nM_B,RC078,D3-Homarine,97.0954,UKH2,10nM,B,25976876
230921_Smp_RC078_UKH2_10nM_Blk,RC078,D3-Homarine,97.0954,UKH2,10nM,Blk,2584532
230921_Smp_RC078_UKH2_10nM_C,RC078,D3-Homarine,97.0954,UKH2,10nM,C,32388602
230921_Smp_RC078_UKH2_50nM_A,RC078,D3-Homarine,97.0954,UKH2,50nM,A,117396408
230921_Smp_RC078_UKH2_50nM_B,RC078,D3-Homarine,97.0954,UKH2,50nM,B,116073200
230921_Smp_RC078_UKH2_50nM_C,RC078,D3-Homarine,97.0954,UKH2,50nM,C,120728904
230921_Smp_RC078_UKH2_200nM_A,RC078,D3-Homarine,97.0954,UKH2,200nM,A,135835424
230921_Smp_RC078_UKH2_200nM_B,RC078,D3-Homarine,97.0954,UKH2,200nM,B,164140048
230921_Smp_RC078_UKH2_200nM_Blk,RC078,D3-Homarine,97.0954,UKH2,200nM,Blk,57395616
230921_Smp_RC078_UKH2_200nM_C,RC078,D3-Homarine,97.0954,UKH2,200nM,C,161544288
230921_Smp_RC078_UKH2_500nM_A,RC078,D3-Homarine,97.0954,UKH2,500nM,A,527355328
230921_Smp_RC078_UKH2_500nM_B,RC078,D3-Homarine,97.0954,UKH2,500nM,B,557876928
230921_Smp_RC078_UKH2_500nM_C,RC078,D3-Homarine,97.0954,UKH2,500nM,C,492579328
230921_Smp_RC078_UKH2_2000nM_A,RC078,D3-Homarine,97.0954,UKH2,2000nM,A,1105823104
230921_Smp_RC078_UKH2_2000nM_B,RC078,D3-Homarine,97.0954,UKH2,2000nM,B,985485376
230921_Smp_RC078_UKH2_2000nM_Blk,RC078,D3-Homarine,97.0954,UKH2,2000nM,Blk,380775296
230921_Smp_RC078_UKH2_2000nM_C,RC078,D3-Homarine,97.0954,UKH2,2000nM,C,930795584
230921_Smp_RC104_UCH1_Con_A,RC104,D3-Homarine,97.0954,UCH1,Con,A,226625168
230921_Smp_RC104_UCH1_Con_B,RC104,D3-Homarine,97.0954,UCH1,Con,B,204768656
230921_Smp_RC104_UCH1_Con_C,RC104,D3-Homarine,97.0954,UCH1,Con,C,276013888
230921_Smp_RC104_UCH1_DMSP_A,RC104,D3-Homarine,97.0954,UCH1,DMSP,A,100763264
230921_Smp_RC104_UCH1_DMSP_B,RC104,D3-Homarine,97.0954,UCH1,DMSP,B,91873624
230921_Smp_RC104_UCH1_DMSP_C,RC104,D3-Homarine,97.0954,UCH1,DMSP,C,112250096
230921_Smp_RC104_UCH1_GBT_A,RC104,D3-Homarine,97.0954,UCH1,GBT,A,135125392
230921_Smp_RC104_UCH1_GBT_B,RC104,D3-Homarine,97.0954,UCH1,GBT,B,109439712
230921_Smp_RC104_UCH1_GBT_C,RC104,D3-Homarine,97.0954,UCH1,GBT,C,142439152
230921_Smp_RC104_UCH1_Gluc_A,RC104,D3-Homarine,97.0954,UCH1,Gluc,A,224192288
230921_Smp_RC104_UCH1_Gluc_B,RC104,D3-Homarine,97.0954,UCH1,Gluc,B,229976064
230921_Smp_RC104_UCH1_Gluc_C,RC104,D3-Homarine,97.0954,UCH1,Gluc,C,217290096
230921_Smp_RC104_UCH1_Hom_A,RC104,D3-Homarine,97.0954,UCH1,Hom,A,142172160
230921_Smp_RC104_UCH1_Hom_B,RC104,D3-Homarine,97.0954,UCH1,Hom,B,109014920
230921_Smp_RC104_UCH1_Hom_C,RC104,D3-Homarine,97.0954,UCH1,Hom,C,131034432
230921_Smp_RC104_UCH1_TMAO_A,RC104,D3-Homarine,97.0954,UCH1,TMAO,A,209657008
230921_Smp_RC104_UCH1_TMAO_B,RC104,D3-Homarine,97.0954,UCH1,TMAO,B,162226704
230921_Smp_RC104_UCH1_TMAO_C,RC104,D3-Homarine,97.0954,UCH1,TMAO,C,198634224
230921_Smp_RC104_UCH1_Trig_A,RC104,D3-Homarine,97.0954,UCH1,Trig,A,137780400
230921_Smp_RC104_UCH1_Trig_B,RC104,D3-Homarine,97.0954,UCH1,Trig,B,175810304
230921_Smp_RC104_UCH1_Trig_C,RC104,D3-Homarine,97.0954,UCH1,Trig,C,136989680
230921_Smp_RC104_UKH1_0nM_A,RC104,D3-Homarine,97.0954,UKH1,0nM,A,1950095
230921_Smp_RC104_UKH1_0nM_B,RC104,D3-Homarine,97.0954,UKH1,0nM,B,1406645
230921_Smp_RC104_UKH1_0nM_C,RC104,D3-Homarine,97.0954,UKH1,0nM,C,1918421
230921_Smp_RC104_UKH1_10nM_A,RC104,D3-Homarine,97.0954,UKH1,10nM,A,66229596
230921_Smp_RC104_UKH1_10nM_B,RC104,D3-Homarine,97.0954,UKH1,10nM,B,86391728
230921_Smp_RC104_UKH1_10nM_C,RC104,D3-Homarine,97.0954,UKH1,10nM,C,68909496
230921_Smp_RC104_UKH1_100nM_A,RC104,D3-Homarine,97.0954,UKH1,100nM,A,258478480
230921_Smp_RC104_UKH1_100nM_B,RC104,D3-Homarine,97.0954,UKH1,100nM,B,191151024
230921_Smp_RC104_UKH1_100nM_C,RC104,D3-Homarine,97.0954,UKH1,100nM,C,282832032
230921_Smp_RC104_UKH1_250nM_A,RC104,D3-Homarine,97.0954,UKH1,250nM,A,455106112
230921_Smp_RC104_UKH1_250nM_B,RC104,D3-Homarine,97.0954,UKH1,250nM,B,439227232
230921_Smp_RC104_UKH1_250nM_Blk,RC104,D3-Homarine,97.0954,UKH1,250nM,Blk,110307712
230921_Smp_RC104_UKH1_250nM_C,RC104,D3-Homarine,97.0954,UKH1,250nM,C,447847200
230921_Smp_RC104_UKH1_1000nM_A,RC104,D3-Homarine,97.0954,UKH1,1000nM,A,861402240
230921_Smp_RC104_UKH1_1000nM_B,RC104,D3-Homarine,97.0954,UKH1,1000nM,B,891237440
230921_Smp_RC104_UKH1_1000nM_Blk,RC104,D3-Homarine,97.0954,UKH1,1000nM,Blk,435193088
230921_Smp_RC104_UKH1_1000nM_C,RC104,D3-Homarine,97.0954,UKH1,1000nM,C,798187456
230921_Smp_RC104_UKH1_2000nM_A,RC104,D3-Homarine,97.0954,UKH1,2000nM,A,1130707328
230921_Smp_RC104_UKH1_2000nM_B,RC104,D3-Homarine,97.0954,UKH1,2000nM,B,1085455488
230921_Smp_RC104_UKH1_2000nM_Blk,RC104,D3-Homarine,97.0954,UKH1,2000nM,Blk,726665664
230921_Smp_RC104_UKH1_2000nM_C,RC104,D3-Homarine,97.0954,UKH1,2000nM,C,1330194944
230921_Smp_RC104_UKH1_3000nM_A,RC104,D3-Homarine,97.0954,UKH1,3000nM,A,1774038016
230921_Smp_RC104_UKH1_3000nM_B,RC104,D3-Homarine,97.0954,UKH1,3000nM,B,896915392
230921_Smp_RC104_UKH1_3000nM_Blk,RC104,D3-Homarine,97.0954,UKH1,3000nM,Blk,335352864
230921_Smp_RC104_UKH1_3000nM_C,RC104,D3-Homarine,97.0954,UKH1,3000nM,C,1523778944
230921_Smp_RC078_UKH2_0nM_A,RC078,D3-Homarine,78.0399,UKH2,0nM,A,14357852
230921_Smp_RC078_UKH2_0nM_B,RC078,D3-Homarine,78.0399,UKH2,0nM,B,14927367
230921_Smp_RC078_UKH2_0nM_C,RC078,D3-Homarine,78.0399,UKH2,0nM,C,14933045
230921_Smp_RC078_UKH2_5nM_A,RC078,D3-Homarine,78.0399,UKH2,5nM,A,69914168
230921_Smp_RC078_UKH2_5nM_B,RC078,D3-Homarine,78.0399,UKH2,5nM,B,24723436
230921_Smp_RC078_UKH2_5nM_C,RC078,D3-Homarine,78.0399,UKH2,5nM,C,29113808
230921_Smp_RC078_UKH2_10nM_A,RC078,D3-Homarine,78.0399,UKH2,10nM,A,70925400
230921_Smp_RC078_UKH2_10nM_B,RC078,D3-Homarine,78.0399,UKH2,10nM,B,44680404
230921_Smp_RC078_UKH2_10nM_Blk,RC078,D3-Homarine,78.0399,UKH2,10nM,Blk,5459707
230921_Smp_RC078_UKH2_10nM_C,RC078,D3-Homarine,78.0399,UKH2,10nM,C,55493200
230921_Smp_RC078_UKH2_50nM_A,RC078,D3-Homarine,78.0399,UKH2,50nM,A,225696240
230921_Smp_RC078_UKH2_50nM_B,RC078,D3-Homarine,78.0399,UKH2,50nM,B,225736688
230921_Smp_RC078_UKH2_50nM_C,RC078,D3-Homarine,78.0399,UKH2,50nM,C,223365472
230921_Smp_RC078_UKH2_200nM_A,RC078,D3-Homarine,78.0399,UKH2,200nM,A,268118160
230921_Smp_RC078_UKH2_200nM_B,RC078,D3-Homarine,78.0399,UKH2,200nM,B,316427456
230921_Smp_RC078_UKH2_200nM_Blk,RC078,D3-Homarine,78.0399,UKH2,200nM,Blk,121463392
230921_Smp_RC078_UKH2_200nM_C,RC078,D3-Homarine,78.0399,UKH2,200nM,C,320359872
230921_Smp_RC078_UKH2_500nM_A,RC078,D3-Homarine,78.0399,UKH2,500nM,A,1021270784
230921_Smp_RC078_UKH2_500nM_B,RC078,D3-Homarine,78.0399,UKH2,500nM,B,1093895552
230921_Smp_RC078_UKH2_500nM_C,RC078,D3-Homarine,78.0399,UKH2,500nM,C,968230848
230921_Smp_RC078_UKH2_2000nM_A,RC078,D3-Homarine,78.0399,UKH2,2000nM,A,2161816320
230921_Smp_RC078_UKH2_2000nM_B,RC078,D3-Homarine,78.0399,UKH2,2000nM,B,1961406976
230921_Smp_RC078_UKH2_2000nM_Blk,RC078,D3-Homarine,78.0399,UKH2,2000nM,Blk,810065856
230921_Smp_RC078_UKH2_2000nM_C,RC078,D3-Homarine,78.0399,UKH2,2000nM,C,1822969472
230921_Smp_RC104_UCH1_Con_A,RC104,D3-Homarine,78.0399,UCH1,Con,A,474856960
230921_Smp_RC104_UCH1_Con_B,RC104,D3-Homarine,78.0399,UCH1,Con,B,426077984
230921_Smp_RC104_UCH1_Con_C,RC104,D3-Homarine,78.0399,UCH1,Con,C,568774592
230921_Smp_RC104_UCH1_DMSP_A,RC104,D3-Homarine,78.0399,UCH1,DMSP,A,209548080
230921_Smp_RC104_UCH1_DMSP_B,RC104,D3-Homarine,78.0399,UCH1,DMSP,B,194764736
230921_Smp_RC104_UCH1_DMSP_C,RC104,D3-Homarine,78.0399,UCH1,DMSP,C,232595840
230921_Smp_RC104_UCH1_GBT_A,RC104,D3-Homarine,78.0399,UCH1,GBT,A,276163552
230921_Smp_RC104_UCH1_GBT_B,RC104,D3-Homarine,78.0399,UCH1,GBT,B,223922032
230921_Smp_RC104_UCH1_GBT_C,RC104,D3-Homarine,78.0399,UCH1,GBT,C,291918016
230921_Smp_RC104_UCH1_Gluc_A,RC104,D3-Homarine,78.0399,UCH1,Gluc,A,466273280
230921_Smp_RC104_UCH1_Gluc_B,RC104,D3-Homarine,78.0399,UCH1,Gluc,B,474966368
230921_Smp_RC104_UCH1_Gluc_C,RC104,D3-Homarine,78.0399,UCH1,Gluc,C,453889984
230921_Smp_RC104_UCH1_Hom_A,RC104,D3-Homarine,78.0399,UCH1,Hom,A,289062592
230921_Smp_RC104_UCH1_Hom_B,RC104,D3-Homarine,78.0399,UCH1,Hom,B,224382864
230921_Smp_RC104_UCH1_Hom_C,RC104,D3-Homarine,78.0399,UCH1,Hom,C,270758944
230921_Smp_RC104_UCH1_TMAO_A,RC104,D3-Homarine,78.0399,UCH1,TMAO,A,431582528
230921_Smp_RC104_UCH1_TMAO_B,RC104,D3-Homarine,78.0399,UCH1,TMAO,B,337299104
230921_Smp_RC104_UCH1_TMAO_C,RC104,D3-Homarine,78.0399,UCH1,TMAO,C,407074112
230921_Smp_RC104_UCH1_Trig_A,RC104,D3-Homarine,78.0399,UCH1,Trig,A,285270784
230921_Smp_RC104_UCH1_Trig_B,RC104,D3-Homarine,78.0399,UCH1,Trig,B,360650272
230921_Smp_RC104_UCH1_Trig_C,RC104,D3-Homarine,78.0399,UCH1,Trig,C,283400320
230921_Smp_RC104_UKH1_0nM_A,RC104,D3-Homarine,78.0399,UKH1,0nM,A,2752228
230921_Smp_RC104_UKH1_0nM_B,RC104,D3-Homarine,78.0399,UKH1,0nM,B,1903933
230921_Smp_RC104_UKH1_0nM_C,RC104,D3-Homarine,78.0399,UKH1,0nM,C,2979911
230921_Smp_RC104_UKH1_10nM_A,RC104,D3-Homarine,78.0399,UKH1,10nM,A,140582000
230921_Smp_RC104_UKH1_10nM_B,RC104,D3-Homarine,78.0399,UKH1,10nM,B,180799168
230921_Smp_RC104_UKH1_10nM_C,RC104,D3-Homarine,78.0399,UKH1,10nM,C,149779040
230921_Smp_RC104_UKH1_100nM_A,RC104,D3-Homarine,78.0399,UKH1,100nM,A,559289216
230921_Smp_RC104_UKH1_100nM_B,RC104,D3-Homarine,78.0399,UKH1,100nM,B,411011232
230921_Smp_RC104_UKH1_100nM_C,RC104,D3-Homarine,78.0399,UKH1,100nM,C,607591296
230921_Smp_RC104_UKH1_250nM_A,RC104,D3-Homarine,78.0399,UKH1,250nM,A,964637120
230921_Smp_RC104_UKH1_250nM_B,RC104,D3-Homarine,78.0399,UKH1,250nM,B,928922432
230921_Smp_RC104_UKH1_250nM_Blk,RC104,D3-Homarine,78.0399,UKH1,250nM,Blk,244090288
230921_Smp_RC104_UKH1_250nM_C,RC104,D3-Homarine,78.0399,UKH1,250nM,C,965863488
230921_Smp_RC104_UKH1_1000nM_A,RC104,D3-Homarine,78.0399,UKH1,1000nM,A,1847223808
230921_Smp_RC104_UKH1_1000nM_B,RC104,D3-Homarine,78.0399,UKH1,1000nM,B,1910821504
230921_Smp_RC104_UKH1_1000nM_Blk,RC104,D3-Homarine,78.0399,UKH1,1000nM,Blk,941624320
230921_Smp_RC104_UKH1_1000nM_C,RC104,D3-Homarine,78.0399,UKH1,1000nM,C,1714366208
230921_Smp_RC104_UKH1_2000nM_A,RC104,D3-Homarine,78.0399,UKH1,2000nM,A,2421913600
230921_Smp_RC104_UKH1_2000nM_B,RC104,D3-Homarine,78.0399,UKH1,2000nM,B,2316093952
230921_Smp_RC104_UKH1_2000nM_Blk,RC104,D3-Homarine,78.0399,UKH1,2000nM,Blk,1596549248
230921_Smp_RC104_UKH1_2000nM_C,RC104,D3-Homarine,78.0399,UKH1,2000nM,C,2814817792
230921_Smp_RC104_UKH1_3000nM_A,RC104,D3-Homarine,78.0399,UKH1,3000nM,A,3762823936
230921_Smp_RC104_UKH1_3000nM_B,RC104,D3-Homarine,78.0399,UKH1,3000nM,B,1913801600
230921_Smp_RC104_UKH1_3000nM_Blk,RC104,D3-Homarine,78.0399,UKH1,3000nM,Blk,734141696
230921_Smp_RC104_UKH1_3000nM_C,RC104,D3-Homarine,78.0399,UKH1,3000nM,C,3227697664
230921_Smp_TN412_UKG_0nM_A,TN412,13C-15N Glycine betaine,62.8977,UKG,0nM,A,6909965
230921_Smp_TN412_UKG_0nM_B,TN412,13C-15N Glycine betaine,62.8977,UKG,0nM,B,3632435
230921_Smp_TN412_UKG_0nM_C,TN412,13C-15N Glycine betaine,62.8977,UKG,0nM,C,2478580
230921_Smp_TN412_UKG_2nM_A,TN412,13C-15N Glycine betaine,62.8977,UKG,2nM,A,650432256
230921_Smp_TN412_UKG_2nM_B,TN412,13C-15N Glycine betaine,62.8977,UKG,2nM,B,724891712
230921_Smp_TN412_UKG_2nM_C,TN412,13C-15N Glycine betaine,62.8977,UKG,2nM,C,854585280
230921_Smp_TN412_UKG_5nM_A,TN412,13C-15N Glycine betaine,62.8977,UKG,5nM,A,1153175040
230921_Smp_TN412_UKG_5nM_B,TN412,13C-15N Glycine betaine,62.8977,UKG,5nM,B,1042947968
230921_Smp_TN412_UKG_5nM_blk,TN412,13C-15N Glycine betaine,62.8977,UKG,5nM,blk,13279630
230921_Smp_TN412_UKG_5nM_C,TN412,13C-15N Glycine betaine,62.8977,UKG,5nM,C,1199315072
230921_Smp_TN412_UKG_10nM_A,TN412,13C-15N Glycine betaine,62.8977,UKG,10nM,A,1473648384
230921_Smp_TN412_UKG_10nM_B,TN412,13C-15N Glycine betaine,62.8977,UKG,10nM,B,1274739200
230921_Smp_TN412_UKG_10nM_C,TN412,13C-15N Glycine betaine,62.8977,UKG,10nM,C,1466160000
230921_Smp_TN412_UKG_50nM_A,TN412,13C-15N Glycine betaine,62.8977,UKG,50nM,A,1713532416
230921_Smp_TN412_UKG_50nM_B,TN412,13C-15N Glycine betaine,62.8977,UKG,50nM,B,1449042304
230921_Smp_TN412_UKG_50nM_blk,TN412,13C-15N Glycine betaine,62.8977,UKG,50nM,blk,45565984
230921_Smp_TN412_UKG_50nM_C,TN412,13C-15N Glycine betaine,62.8977,UKG,50nM,C,1831801984
230921_Smp_TN412_UKG_200nM_A,TN412,13C-15N Glycine betaine,62.8977,UKG,200nM,A,2221447168
230921_Smp_TN412_UKG_200nM_B,TN412,13C-15N Glycine betaine,62.8977,UKG,200nM,B,2388487936
230921_Smp_TN412_UKG_200nM_C,TN412,13C-15N Glycine betaine,62.8977,UKG,200nM,C,2694002688
230921_Smp_TN412_UKG_1000nM_A,TN412,13C-15N Glycine betaine,62.8977,UKG,1000nM,A,2636793600
230921_Smp_TN412_UKG_1000nM_B,TN412,13C-15N Glycine betaine,62.8977,UKG,1000nM,B,2532571904
230921_Smp_TN412_UKG_1000nM_blk,TN412,13C-15N Glycine betaine,62.8977,UKG,1000nM,blk,480277376
230921_Smp_TN412_UKG_1000nM_C,TN412,13C-15N Glycine betaine,62.8977,UKG,1000nM,C,2572153600
230921_Smp_RC078_UKG1_0nM_A,RC078,13C-15N Glycine betaine,62.8977,UKG1,0nM,A,5084523
230921_Smp_RC078_UKG1_0nM_B,RC078,13C-15N Glycine betaine,62.8977,UKG1,0nM,B,1712400
230921_Smp_RC078_UKG1_0nM_C,RC078,13C-15N Glycine betaine,62.8977,UKG1,0nM,C,973318
230921_Smp_RC078_UKG1_10nM_A,RC078,13C-15N Glycine betaine,62.8977,UKG1,10nM,A,122843680
230921_Smp_RC078_UKG1_10nM_B,RC078,13C-15N Glycine betaine,62.8977,UKG1,10nM,B,125703976
230921_Smp_RC078_UKG1_10nM_C,RC078,13C-15N Glycine betaine,62.8977,UKG1,10nM,C,110228768
230921_Smp_RC078_UKG1_50nM_A,RC078,13C-15N Glycine betaine,62.8977,UKG1,50nM,A,369878976
230921_Smp_RC078_UKG1_50nM_B,RC078,13C-15N Glycine betaine,62.8977,UKG1,50nM,B,402932512
230921_Smp_RC078_UKG1_50nM_C,RC078,13C-15N Glycine betaine,62.8977,UKG1,50nM,C,366469792
230921_Smp_RC078_UKG1_200nM_A,RC078,13C-15N Glycine betaine,62.8977,UKG1,200nM,A,807256192
230921_Smp_RC078_UKG1_200nM_B,RC078,13C-15N Glycine betaine,62.8977,UKG1,200nM,B,809284352
230921_Smp_RC078_UKG1_200nM_C,RC078,13C-15N Glycine betaine,62.8977,UKG1,200nM,C,654305216
230921_Smp_RC078_UKG1_500nM_A,RC078,13C-15N Glycine betaine,62.8977,UKG1,500nM,A,1034379712
230921_Smp_RC078_UKG1_500nM_B,RC078,13C-15N Glycine betaine,62.8977,UKG1,500nM,B,1109435008
230921_Smp_RC078_UKG1_500nM_C,RC078,13C-15N Glycine betaine,62.8977,UKG1,500nM,C,1076626304
230921_Smp_RC078_UKG1_1000nM_A,RC078,13C-15N Glycine betaine,62.8977,UKG1,1000nM,A,1017039424
230921_Smp_RC078_UKG1_1000nM_B,RC078,13C-15N Glycine betaine,62.8977,UKG1,1000nM,B,1257044992
230921_Smp_RC078_UKG1_1000nM_C,RC078,13C-15N Glycine betaine,62.8977,UKG1,1000nM,C,1174036608
230921_Smp_RC078_UKG1_2000nM_A,RC078,13C-15N Glycine betaine,62.8977,UKG1,2000nM,A,1415586560
230921_Smp_RC078_UKG1_2000nM_B,RC078,13C-15N Glycine betaine,62.8977,UKG1,2000nM,B,1344081920
230921_Smp_RC078_UKG1_2000nM_C,RC078,13C-15N Glycine betaine,62.8977,UKG1,2000nM,C,1565639424
230921_Smp_RC078_UKG1_5000nM_A,RC078,13C-15N Glycine betaine,62.8977,UKG1,5000nM,A,1726790144
230921_Smp_RC104_UKG1_ 0nM_A,RC104,13C-15N Glycine betaine,62.8977,UKG1,0nM,A,1210575
230921_Smp_RC104_UKG1_ 0nM_B,RC104,13C-15N Glycine betaine,62.8977,UKG1,0nM,B,660441
230921_Smp_RC104_UKG1_ 0nM_C,RC104,13C-15N Glycine betaine,62.8977,UKG1,0nM,C,512523
230921_Smp_RC104_UKG1_10nM_A,RC104,13C-15N Glycine betaine,62.8977,UKG1,10nM,A,58294552
230921_Smp_RC104_UKG1_10nM_B,RC104,13C-15N Glycine betaine,62.8977,UKG1,10nM,B,63294308
230921_Smp_RC104_UKG1_10nM_C,RC104,13C-15N Glycine betaine,62.8977,UKG1,10nM,C,67480944
230921_Smp_RC104_UKG1_100nM_A,RC104,13C-15N Glycine betaine,62.8977,UKG1,100nM,A,275186720
230921_Smp_RC104_UKG1_100nM_B,RC104,13C-15N Glycine betaine,62.8977,UKG1,100nM,B,206771024
230921_Smp_RC104_UKG1_100nM_C,RC104,13C-15N Glycine betaine,62.8977,UKG1,100nM,C,211428720
230921_Smp_RC104_UKG1_250nM_A,RC104,13C-15N Glycine betaine,62.8977,UKG1,250nM,A,263255120
230921_Smp_RC104_UKG1_250nM_B,RC104,13C-15N Glycine betaine,62.8977,UKG1,250nM,B,257200816
230921_Smp_RC104_UKG1_250nM_Blk,RC104,13C-15N Glycine betaine,62.8977,UKG1,250nM,Blk,28708098
230921_Smp_RC104_UKG1_250nM_C,RC104,13C-15N Glycine betaine,62.8977,UKG1,250nM,C,281505376
230921_Smp_RC104_UKG1_500nM_A,RC104,13C-15N Glycine betaine,62.8977,UKG1,500nM,A,278130656
230921_Smp_RC104_UKG1_500nM_B,RC104,13C-15N Glycine betaine,62.8977,UKG1,500nM,B,204242864
230921_Smp_RC104_UKG1_500nM_Blk,RC104,13C-15N Glycine betaine,62.8977,UKG1,500nM,Blk,63235988
230921_Smp_RC104_UKG1_500nM_C,RC104,13C-15N Glycine betaine,62.8977,UKG1,500nM,C,342646144
230921_Smp_RC104_UKG1_1000nM_A,RC104,13C-15N Glycine betaine,62.8977,UKG1,1000nM,A,352465568
230921_Smp_RC104_UKG1_1000nM_B,RC104,13C-15N Glycine betaine,62.8977,UKG1,1000nM,B,372297888
230921_Smp_RC104_UKG1_1000nM_Blk,RC104,13C-15N Glycine betaine,62.8977,UKG1,1000nM,Blk,101741200
230921_Smp_RC104_UKG1_1000nM_C,RC104,13C-15N Glycine betaine,62.8977,UKG1,1000nM,C,382181888
230921_Smp_RC104_UKG1_3000nM_A,RC104,13C-15N Glycine betaine,62.8977,UKG1,3000nM,A,610168640
230921_Smp_RC104_UKG1_3000nM_B,RC104,13C-15N Glycine betaine,62.8977,UKG1,3000nM,B,314473888
230921_Smp_RC104_UKG1_3000nM_Blk,RC104,13C-15N Glycine betaine,62.8977,UKG1,3000nM,Blk,242960896
230921_Smp_RC104_UKG1_3000nM_C,RC104,13C-15N Glycine betaine,62.8977,UKG1,3000nM,C,649758784
230921_Smp_TN412_UKG_0nM_A,TN412,13C-15N Glycine betaine,45.1882,UKG,0nM,A,555500
230921_Smp_TN412_UKG_0nM_B,TN412,13C-15N Glycine betaine,45.1882,UKG,0nM,B,377918
230921_Smp_TN412_UKG_0nM_C,TN412,13C-15N Glycine betaine,45.1882,UKG,0nM,C,324283
230921_Smp_TN412_UKG_2nM_A,TN412,13C-15N Glycine betaine,45.1882,UKG,2nM,A,4258858
230921_Smp_TN412_UKG_2nM_B,TN412,13C-15N Glycine betaine,45.1882,UKG,2nM,B,4899798
230921_Smp_TN412_UKG_2nM_C,TN412,13C-15N Glycine betaine,45.1882,UKG,2nM,C,5687336
230921_Smp_TN412_UKG_5nM_A,TN412,13C-15N Glycine betaine,45.1882,UKG,5nM,A,7441542
230921_Smp_TN412_UKG_5nM_B,TN412,13C-15N Glycine betaine,45.1882,UKG,5nM,B,6427611
230921_Smp_TN412_UKG_5nM_blk,TN412,13C-15N Glycine betaine,45.1882,UKG,5nM,blk,100379
230921_Smp_TN412_UKG_5nM_C,TN412,13C-15N Glycine betaine,45.1882,UKG,5nM,C,7470632
230921_Smp_TN412_UKG_10nM_A,TN412,13C-15N Glycine betaine,45.1882,UKG,10nM,A,10001907
230921_Smp_TN412_UKG_10nM_B,TN412,13C-15N Glycine betaine,45.1882,UKG,10nM,B,8500462
230921_Smp_TN412_UKG_10nM_C,TN412,13C-15N Glycine betaine,45.1882,UKG,10nM,C,9702439
230921_Smp_TN412_UKG_50nM_A,TN412,13C-15N Glycine betaine,45.1882,UKG,50nM,A,11367276
230921_Smp_TN412_UKG_50nM_B,TN412,13C-15N Glycine betaine,45.1882,UKG,50nM,B,8726228
230921_Smp_TN412_UKG_50nM_blk,TN412,13C-15N Glycine betaine,45.1882,UKG,50nM,blk,301180
230921_Smp_TN412_UKG_50nM_C,TN412,13C-15N Glycine betaine,45.1882,UKG,50nM,C,11666759
230921_Smp_TN412_UKG_200nM_A,TN412,13C-15N Glycine betaine,45.1882,UKG,200nM,A,14421193
230921_Smp_TN412_UKG_200nM_B,TN412,13C-15N Glycine betaine,45.1882,UKG,200nM,B,15641052
230921_Smp_TN412_UKG_200nM_C,TN412,13C-15N Glycine betaine,45.1882,UKG,200nM,C,17282116
230921_Smp_TN412_UKG_1000nM_A,TN412,13C-15N Glycine betaine,45.1882,UKG,1000nM,A,16490118
230921_Smp_TN412_UKG_1000nM_B,TN412,13C-15N Glycine betaine,45.1882,UKG,1000nM,B,16450214
230921_Smp_TN412_UKG_1000nM_blk,TN412,13C-15N Glycine betaine,45.1882,UKG,1000nM,blk,2724773
230921_Smp_TN412_UKG_1000nM_C,TN412,13C-15N Glycine betaine,45.1882,UKG,1000nM,C,16302642
230921_Smp_RC078_UKG1_0nM_A,RC078,13C-15N Glycine betaine,45.1882,UKG1,0nM,A,1520840
230921_Smp_RC078_UKG1_0nM_B,RC078,13C-15N Glycine betaine,45.1882,UKG1,0nM,B,2390016
230921_Smp_RC078_UKG1_0nM_C,RC078,13C-15N Glycine betaine,45.1882,UKG1,0nM,C,1856207
230921_Smp_RC078_UKG1_10nM_A,RC078,13C-15N Glycine betaine,45.1882,UKG1,10nM,A,2639692
230921_Smp_RC078_UKG1_10nM_B,RC078,13C-15N Glycine betaine,45.1882,UKG1,10nM,B,2628559
230921_Smp_RC078_UKG1_10nM_C,RC078,13C-15N Glycine betaine,45.1882,UKG1,10nM,C,2198685
230921_Smp_RC078_UKG1_50nM_A,RC078,13C-15N Glycine betaine,45.1882,UKG1,50nM,A,4068785
230921_Smp_RC078_UKG1_50nM_B,RC078,13C-15N Glycine betaine,45.1882,UKG1,50nM,B,4412540
230921_Smp_RC078_UKG1_50nM_C,RC078,13C-15N Glycine betaine,45.1882,UKG1,50nM,C,3790725
230921_Smp_RC078_UKG1_200nM_A,RC078,13C-15N Glycine betaine,45.1882,UKG1,200nM,A,7003613
230921_Smp_RC078_UKG1_200nM_B,RC078,13C-15N Glycine betaine,45.1882,UKG1,200nM,B,7230741
230921_Smp_RC078_UKG1_200nM_C,RC078,13C-15N Glycine betaine,45.1882,UKG1,200nM,C,5391051
230921_Smp_RC078_UKG1_500nM_A,RC078,13C-15N Glycine betaine,45.1882,UKG1,500nM,A,8414330
230921_Smp_RC078_UKG1_500nM_B,RC078,13C-15N Glycine betaine,45.1882,UKG1,500nM,B,8382168
230921_Smp_RC078_UKG1_500nM_C,RC078,13C-15N Glycine betaine,45.1882,UKG1,500nM,C,8554121
230921_Smp_RC078_UKG1_1000nM_A,RC078,13C-15N Glycine betaine,45.1882,UKG1,1000nM,A,7815745
230921_Smp_RC078_UKG1_1000nM_B,RC078,13C-15N Glycine betaine,45.1882,UKG1,1000nM,B,10571736
230921_Smp_RC078_UKG1_1000nM_C,RC078,13C-15N Glycine betaine,45.1882,UKG1,1000nM,C,9026169
230921_Smp_RC078_UKG1_2000nM_A,RC078,13C-15N Glycine betaine,45.1882,UKG1,2000nM,A,11234447
230921_Smp_RC078_UKG1_2000nM_B,RC078,13C-15N Glycine betaine,45.1882,UKG1,2000nM,B,10119136
230921_Smp_RC078_UKG1_2000nM_C,RC078,13C-15N Glycine betaine,45.1882,UKG1,2000nM,C,11640681
230921_Smp_RC078_UKG1_5000nM_A,RC078,13C-15N Glycine betaine,45.1882,UKG1,5000nM,A,12577430
230921_Smp_RC104_UKG1_ 0nM_A,RC104,13C-15N Glycine betaine,45.1882,UKG1,0nM,A,106105
230921_Smp_RC104_UKG1_ 0nM_B,RC104,13C-15N Glycine betaine,45.1882,UKG1,0nM,B,85768
230921_Smp_RC104_UKG1_ 0nM_C,RC104,13C-15N Glycine betaine,45.1882,UKG1,0nM,C,88648
230921_Smp_RC104_UKG1_10nM_A,RC104,13C-15N Glycine betaine,45.1882,UKG1,10nM,A,545303
230921_Smp_RC104_UKG1_10nM_B,RC104,13C-15N Glycine betaine,45.1882,UKG1,10nM,B,514128
230921_Smp_RC104_UKG1_10nM_C,RC104,13C-15N Glycine betaine,45.1882,UKG1,10nM,C,599761
230921_Smp_RC104_UKG1_100nM_A,RC104,13C-15N Glycine betaine,45.1882,UKG1,100nM,A,1763430
230921_Smp_RC104_UKG1_100nM_B,RC104,13C-15N Glycine betaine,45.1882,UKG1,100nM,B,1295409
230921_Smp_RC104_UKG1_100nM_C,RC104,13C-15N Glycine betaine,45.1882,UKG1,100nM,C,1273410
230921_Smp_RC104_UKG1_250nM_A,RC104,13C-15N Glycine betaine,45.1882,UKG1,250nM,A,1715783
230921_Smp_RC104_UKG1_250nM_B,RC104,13C-15N Glycine betaine,45.1882,UKG1,250nM,B,1682608
230921_Smp_RC104_UKG1_250nM_Blk,RC104,13C-15N Glycine betaine,45.1882,UKG1,250nM,Blk,177840
230921_Smp_RC104_UKG1_250nM_C,RC104,13C-15N Glycine betaine,45.1882,UKG1,250nM,C,1781646
230921_Smp_RC104_UKG1_500nM_A,RC104,13C-15N Glycine betaine,45.1882,UKG1,500nM,A,1689983
230921_Smp_RC104_UKG1_500nM_B,RC104,13C-15N Glycine betaine,45.1882,UKG1,500nM,B,1311159
230921_Smp_RC104_UKG1_500nM_Blk,RC104,13C-15N Glycine betaine,45.1882,UKG1,500nM,Blk,382152
230921_Smp_RC104_UKG1_500nM_C,RC104,13C-15N Glycine betaine,45.1882,UKG1,500nM,C,2210539
230921_Smp_RC104_UKG1_1000nM_A,RC104,13C-15N Glycine betaine,45.1882,UKG1,1000nM,A,2191522
230921_Smp_RC104_UKG1_1000nM_B,RC104,13C-15N Glycine betaine,45.1882,UKG1,1000nM,B,2268831
230921_Smp_RC104_UKG1_1000nM_Blk,RC104,13C-15N Glycine betaine,45.1882,UKG1,1000nM,Blk,557829
230921_Smp_RC104_UKG1_1000nM_C,RC104,13C-15N Glycine betaine,45.1882,UKG1,1000nM,C,2325749
230921_Smp_RC104_UKG1_3000nM_A,RC104,13C-15N Glycine betaine,45.1882,UKG1,3000nM,A,3760226
230921_Smp_RC104_UKG1_3000nM_B,RC104,13C-15N Glycine betaine,45.1882,UKG1,3000nM,B,1889100
230921_Smp_RC104_UKG1_3000nM_Blk,RC104,13C-15N Glycine betaine,45.1882,UKG1,3000nM,Blk,1436693
230921_Smp_RC104_UKG1_3000nM_C,RC104,13C-15N Glycine betaine,45.1882,UKG1,3000nM,C,3906594
