SampID,date,type,cruise,exp,treatment,rep,Compound,Area,Fragment_mz
230605_Smp_TN397_UCH1_DMSP_A,230605,Smp,TN397,UCH1,DMSP,A,D3-Homarine,47821484,97.0954
230605_Smp_TN397_UCH1_DMSP_B,230605,Smp,TN397,UCH1,DMSP,B,D3-Homarine,60561504,97.0954
230605_Smp_TN397_UCH1_DMSP_C,230605,Smp,TN397,UCH1,DMSP,C,D3-Homarine,43561156,97.0954
230605_Smp_TN397_UCH1_GBT_A,230605,Smp,TN397,UCH1,GBT,A,D3-Homarine,58919456,97.0954
230605_Smp_TN397_UCH1_GBT_B,230605,Smp,TN397,UCH1,GBT,B,D3-Homarine,72601280,97.0954
230605_Smp_TN397_UCH1_GBT_C,230605,Smp,TN397,UCH1,GBT,C,D3-Homarine,75851680,97.0954
230605_Smp_TN397_UCH1_Gluc_A,230605,Smp,TN397,UCH1,Gluc,A,D3-Homarine,359786176,97.0954
230605_Smp_TN397_UCH1_Gluc_B,230605,Smp,TN397,UCH1,Gluc,B,D3-Homarine,381707360,97.0954
230605_Smp_TN397_UCH1_Gluc_C,230605,Smp,TN397,UCH1,Gluc,C,D3-Homarine,318537088,97.0954
230605_Smp_TN397_UCH1_Hom_A,230605,Smp,TN397,UCH1,Hom,A,D3-Homarine,356331648,97.0954
230605_Smp_TN397_UCH1_Hom_B,230605,Smp,TN397,UCH1,Hom,B,D3-Homarine,379556096,97.0954
230605_Smp_TN397_UCH1_Hom_C,230605,Smp,TN397,UCH1,Hom,C,D3-Homarine,403650656,97.0954
230605_Smp_TN397_UCH1_TMAO_A,230605,Smp,TN397,UCH1,TMAO,A,D3-Homarine,178376496,97.0954
230605_Smp_TN397_UCH1_TMAO_B,230605,Smp,TN397,UCH1,TMAO,B,D3-Homarine,239230448,97.0954
230605_Smp_TN397_UCH1_TMAO_C,230605,Smp,TN397,UCH1,TMAO,C,D3-Homarine,205264048,97.0954
230605_Smp_TN397_UCH1_Trig_A,230605,Smp,TN397,UCH1,Trig,A,D3-Homarine,78252992,97.0954
230605_Smp_TN397_UCH1_Trig_B,230605,Smp,TN397,UCH1,Trig,B,D3-Homarine,87626120,97.0954
230605_Smp_TN397_UCH1_Trig_C,230605,Smp,TN397,UCH1,Trig,C,D3-Homarine,97128288,97.0954
230605_Smp_TN397_UKH4_5nM_A,230605,Smp,TN397,UKH4,5nM,A,D3-Homarine,73624344,97.0954
230605_Smp_TN397_UKH4_5nM_B,230605,Smp,TN397,UKH4,5nM,B,D3-Homarine,66613448,97.0954
230605_Smp_TN397_UKH4_5nM_C,230605,Smp,TN397,UKH4,5nM,C,D3-Homarine,64891404,97.0954
230605_Smp_TN397_UKH4_10nM_A,230605,Smp,TN397,UKH4,10nM,A,D3-Homarine,142600192,97.0954
230605_Smp_TN397_UKH4_10nM_B,230605,Smp,TN397,UKH4,10nM,B,D3-Homarine,107834576,97.0954
230605_Smp_TN397_UKH4_10nM_C,230605,Smp,TN397,UKH4,10nM,C,D3-Homarine,137314288,97.0954
230605_Smp_TN397_UKH4_50nM_A,230605,Smp,TN397,UKH4,50nM,A,D3-Homarine,328705120,97.0954
230605_Smp_TN397_UKH4_50nM_B,230605,Smp,TN397,UKH4,50nM,B,D3-Homarine,338690304,97.0954
230605_Smp_TN397_UKH4_50nM_C,230605,Smp,TN397,UKH4,50nM,C,D3-Homarine,183231408,97.0954
230605_Smp_TN397_UKH4_200nM_A,230605,Smp,TN397,UKH4,200nM,A,D3-Homarine,483020704,97.0954
230605_Smp_TN397_UKH4_200nM_B,230605,Smp,TN397,UKH4,200nM,B,D3-Homarine,468836544,97.0954
230605_Smp_TN397_UKH4_200nM_C,230605,Smp,TN397,UKH4,200nM,C,D3-Homarine,606046528,97.0954
230605_Smp_TN397_UKH4_500nM_A,230605,Smp,TN397,UKH4,500nM,A,D3-Homarine,772125760,97.0954
230605_Smp_TN397_UKH4_500nM_B,230605,Smp,TN397,UKH4,500nM,B,D3-Homarine,914786560,97.0954
230605_Smp_TN397_UKH4_500nM_C,230605,Smp,TN397,UKH4,500nM,C,D3-Homarine,1021777664,97.0954
230605_Smp_TN397_UKH4_1500nM_A,230605,Smp,TN397,UKH4,1500nM,A,D3-Homarine,1700538752,97.0954
230605_Smp_TN397_UKH4_1500nM_B,230605,Smp,TN397,UKH4,1500nM,B,D3-Homarine,1574612736,97.0954
230605_Smp_TN397_UKH4_1500nM_C,230605,Smp,TN397,UKH4,1500nM,C,D3-Homarine,1566194944,97.0954
230605_Smp_TN397_UKH4_0nM_A,230605,Smp,TN397,UKH4,OnM,A,D3-Homarine,4024158,97.0954
230605_Smp_TN397_UKH4_0nM_B,230605,Smp,TN397,UKH4,OnM,B,D3-Homarine,3582324,97.0954
230605_Smp_TN397_UKH4_0nM_C,230605,Smp,TN397,UKH4,OnM,C,D3-Homarine,4410823,97.0954
230605_Smp_TN397_UCH1_DMSP_A,230605,Smp,TN397,UCH1,DMSP,A,D3-Homarine,79062752,78.0399
230605_Smp_TN397_UCH1_DMSP_B,230605,Smp,TN397,UCH1,DMSP,B,D3-Homarine,100408416,78.0399
230605_Smp_TN397_UCH1_DMSP_C,230605,Smp,TN397,UCH1,DMSP,C,D3-Homarine,71935968,78.0399
230605_Smp_TN397_UCH1_GBT_A,230605,Smp,TN397,UCH1,GBT,A,D3-Homarine,97192288,78.0399
230605_Smp_TN397_UCH1_GBT_B,230605,Smp,TN397,UCH1,GBT,B,D3-Homarine,120498520,78.0399
230605_Smp_TN397_UCH1_GBT_C,230605,Smp,TN397,UCH1,GBT,C,D3-Homarine,125988240,78.0399
230605_Smp_TN397_UCH1_Gluc_A,230605,Smp,TN397,UCH1,Gluc,A,D3-Homarine,592569280,78.0399
230605_Smp_TN397_UCH1_Gluc_B,230605,Smp,TN397,UCH1,Gluc,B,D3-Homarine,633127296,78.0399
230605_Smp_TN397_UCH1_Gluc_C,230605,Smp,TN397,UCH1,Gluc,C,D3-Homarine,525212384,78.0399
230605_Smp_TN397_UCH1_Hom_A,230605,Smp,TN397,UCH1,Hom,A,D3-Homarine,590547200,78.0399
230605_Smp_TN397_UCH1_Hom_B,230605,Smp,TN397,UCH1,Hom,B,D3-Homarine,621934656,78.0399
230605_Smp_TN397_UCH1_Hom_C,230605,Smp,TN397,UCH1,Hom,C,D3-Homarine,671313600,78.0399
230605_Smp_TN397_UCH1_TMAO_A,230605,Smp,TN397,UCH1,TMAO,A,D3-Homarine,295622400,78.0399
230605_Smp_TN397_UCH1_TMAO_B,230605,Smp,TN397,UCH1,TMAO,B,D3-Homarine,396282016,78.0399
230605_Smp_TN397_UCH1_TMAO_C,230605,Smp,TN397,UCH1,TMAO,C,D3-Homarine,340234208,78.0399
230605_Smp_TN397_UCH1_Trig_A,230605,Smp,TN397,UCH1,Trig,A,D3-Homarine,128461592,78.0399
230605_Smp_TN397_UCH1_Trig_B,230605,Smp,TN397,UCH1,Trig,B,D3-Homarine,145172160,78.0399
230605_Smp_TN397_UCH1_Trig_C,230605,Smp,TN397,UCH1,Trig,C,D3-Homarine,160205120,78.0399
230605_Smp_TN397_UKH4_5nM_A,230605,Smp,TN397,UKH4,5nM,A,D3-Homarine,118959280,78.0399
230605_Smp_TN397_UKH4_5nM_B,230605,Smp,TN397,UKH4,5nM,B,D3-Homarine,107138968,78.0399
230605_Smp_TN397_UKH4_5nM_C,230605,Smp,TN397,UKH4,5nM,C,D3-Homarine,103408928,78.0399
230605_Smp_TN397_UKH4_10nM_A,230605,Smp,TN397,UKH4,10nM,A,D3-Homarine,230152704,78.0399
230605_Smp_TN397_UKH4_10nM_B,230605,Smp,TN397,UKH4,10nM,B,D3-Homarine,172826272,78.0399
230605_Smp_TN397_UKH4_10nM_C,230605,Smp,TN397,UKH4,10nM,C,D3-Homarine,220847072,78.0399
230605_Smp_TN397_UKH4_50nM_A,230605,Smp,TN397,UKH4,50nM,A,D3-Homarine,529117120,78.0399
230605_Smp_TN397_UKH4_50nM_B,230605,Smp,TN397,UKH4,50nM,B,D3-Homarine,549230464,78.0399
230605_Smp_TN397_UKH4_50nM_C,230605,Smp,TN397,UKH4,50nM,C,D3-Homarine,294324160,78.0399
230605_Smp_TN397_UKH4_200nM_A,230605,Smp,TN397,UKH4,200nM,A,D3-Homarine,781823616,78.0399
230605_Smp_TN397_UKH4_200nM_B,230605,Smp,TN397,UKH4,200nM,B,D3-Homarine,759288896,78.0399
230605_Smp_TN397_UKH4_200nM_C,230605,Smp,TN397,UKH4,200nM,C,D3-Homarine,980167424,78.0399
230605_Smp_TN397_UKH4_500nM_A,230605,Smp,TN397,UKH4,500nM,A,D3-Homarine,1259190400,78.0399
230605_Smp_TN397_UKH4_500nM_B,230605,Smp,TN397,UKH4,500nM,B,D3-Homarine,1477077504,78.0399
230605_Smp_TN397_UKH4_500nM_C,230605,Smp,TN397,UKH4,500nM,C,D3-Homarine,1663917568,78.0399
230605_Smp_TN397_UKH4_1500nM_A,230605,Smp,TN397,UKH4,1500nM,A,D3-Homarine,2733543680,78.0399
230605_Smp_TN397_UKH4_1500nM_B,230605,Smp,TN397,UKH4,1500nM,B,D3-Homarine,2551390208,78.0399
230605_Smp_TN397_UKH4_1500nM_C,230605,Smp,TN397,UKH4,1500nM,C,D3-Homarine,2524300288,78.0399
230605_Smp_TN397_UKH4_0nM_A,230605,Smp,TN397,UKH4,OnM,A,D3-Homarine,5426447,78.0399
230605_Smp_TN397_UKH4_0nM_B,230605,Smp,TN397,UKH4,OnM,B,D3-Homarine,4875225,78.0399
230605_Smp_TN397_UKH4_0nM_C,230605,Smp,TN397,UKH4,OnM,C,D3-Homarine,5781152,78.0399
230607_Smp_TN397_UKH5_2nM_A,230607,Smp,TN397,UKH5,2nM,A,D3-Homarine,54340404,97.0954
230607_Smp_TN397_UKH5_2nM_B,230607,Smp,TN397,UKH5,2nM,B,D3-Homarine,88689656,97.0954
230607_Smp_TN397_UKH5_2nM_C,230607,Smp,TN397,UKH5,2nM,C,D3-Homarine,47921752,97.0954
230607_Smp_TN397_UKH5_5nM_A,230607,Smp,TN397,UKH5,5nM,A,D3-Homarine,195115760,97.0954
230607_Smp_TN397_UKH5_5nM_B,230607,Smp,TN397,UKH5,5nM,B,D3-Homarine,132405120,97.0954
230607_Smp_TN397_UKH5_5nM_C,230607,Smp,TN397,UKH5,5nM,C,D3-Homarine,126956888,97.0954
230607_Smp_TN397_UKH5_10nM_A,230607,Smp,TN397,UKH5,10nM,A,D3-Homarine,210067440,97.0954
230607_Smp_TN397_UKH5_10nM_B,230607,Smp,TN397,UKH5,10nM,B,D3-Homarine,218223664,97.0954
230607_Smp_TN397_UKH5_10nM_Blk,230607,Smp,TN397,UKH5,10nM,Blk,D3-Homarine,8187516,97.0954
230607_Smp_TN397_UKH5_10nM_C,230607,Smp,TN397,UKH5,10nM,C,D3-Homarine,205189696,97.0954
230607_Smp_TN397_UKH5_50nM_A,230607,Smp,TN397,UKH5,50nM,A,D3-Homarine,652767936,97.0954
230607_Smp_TN397_UKH5_50nM_B,230607,Smp,TN397,UKH5,50nM,B,D3-Homarine,660384960,97.0954
230607_Smp_TN397_UKH5_50nM_C,230607,Smp,TN397,UKH5,50nM,C,D3-Homarine,807148672,97.0954
230607_Smp_TN397_UKH5_200nM_A,230607,Smp,TN397,UKH5,200nM,A,D3-Homarine,1592711424,97.0954
230607_Smp_TN397_UKH5_200nM_B,230607,Smp,TN397,UKH5,200nM,B,D3-Homarine,1617368064,97.0954
230607_Smp_TN397_UKH5_200nM_Blk,230607,Smp,TN397,UKH5,200nM,Blk,D3-Homarine,89468568,97.0954
230607_Smp_TN397_UKH5_200nM_C,230607,Smp,TN397,UKH5,200nM,C,D3-Homarine,1500981504,97.0954
230607_Smp_TN397_UKH5_1000nM_A,230607,Smp,TN397,UKH5,1000nM,A,D3-Homarine,3320977152,97.0954
230607_Smp_TN397_UKH5_1000nM_B,230607,Smp,TN397,UKH5,1000nM,B,D3-Homarine,3447672064,97.0954
230607_Smp_TN397_UKH5_1000nM_C,230607,Smp,TN397,UKH5,1000nM,C,D3-Homarine,3437966080,97.0954
230607_Smp_TN397_UKH5_0nM_A,230607,Smp,TN397,UKH5,OnM,A,D3-Homarine,4452591,97.0954
230607_Smp_TN397_UKH5_0nM_B,230607,Smp,TN397,UKH5,OnM,B,D3-Homarine,5645406,97.0954
230607_Smp_TN397_UKH5_0nM_C,230607,Smp,TN397,UKH5,OnM,C,D3-Homarine,4269399,97.0954
230607_Smp_TN397_UKH5_2nM_A,230607,Smp,TN397,UKH5,2nM,A,D3-Homarine,87035864,78.0399
230607_Smp_TN397_UKH5_2nM_B,230607,Smp,TN397,UKH5,2nM,B,D3-Homarine,142917152,78.0399
230607_Smp_TN397_UKH5_2nM_C,230607,Smp,TN397,UKH5,2nM,C,D3-Homarine,78468336,78.0399
230607_Smp_TN397_UKH5_5nM_A,230607,Smp,TN397,UKH5,5nM,A,D3-Homarine,314925696,78.0399
230607_Smp_TN397_UKH5_5nM_B,230607,Smp,TN397,UKH5,5nM,B,D3-Homarine,214120720,78.0399
230607_Smp_TN397_UKH5_5nM_C,230607,Smp,TN397,UKH5,5nM,C,D3-Homarine,204129744,78.0399
230607_Smp_TN397_UKH5_10nM_A,230607,Smp,TN397,UKH5,10nM,A,D3-Homarine,337205504,78.0399
230607_Smp_TN397_UKH5_10nM_B,230607,Smp,TN397,UKH5,10nM,B,D3-Homarine,351339232,78.0399
230607_Smp_TN397_UKH5_10nM_Blk,230607,Smp,TN397,UKH5,10nM,Blk,D3-Homarine,13809895,78.0399
230607_Smp_TN397_UKH5_10nM_C,230607,Smp,TN397,UKH5,10nM,C,D3-Homarine,333139520,78.0399
230607_Smp_TN397_UKH5_50nM_A,230607,Smp,TN397,UKH5,50nM,A,D3-Homarine,1063806464,78.0399
230607_Smp_TN397_UKH5_50nM_B,230607,Smp,TN397,UKH5,50nM,B,D3-Homarine,1070110016,78.0399
230607_Smp_TN397_UKH5_50nM_C,230607,Smp,TN397,UKH5,50nM,C,D3-Homarine,1289366656,78.0399
230607_Smp_TN397_UKH5_200nM_A,230607,Smp,TN397,UKH5,200nM,A,D3-Homarine,2573938944,78.0399
230607_Smp_TN397_UKH5_200nM_B,230607,Smp,TN397,UKH5,200nM,B,D3-Homarine,2611740672,78.0399
230607_Smp_TN397_UKH5_200nM_Blk,230607,Smp,TN397,UKH5,200nM,Blk,D3-Homarine,146496672,78.0399
230607_Smp_TN397_UKH5_200nM_C,230607,Smp,TN397,UKH5,200nM,C,D3-Homarine,2418186240,78.0399
230607_Smp_TN397_UKH5_1000nM_A,230607,Smp,TN397,UKH5,1000nM,A,D3-Homarine,4919056896,78.0399
230607_Smp_TN397_UKH5_1000nM_B,230607,Smp,TN397,UKH5,1000nM,B,D3-Homarine,5051148288,78.0399
230607_Smp_TN397_UKH5_1000nM_C,230607,Smp,TN397,UKH5,1000nM,C,D3-Homarine,5033154048,78.0399
230607_Smp_TN397_UKH5_0nM_A,230607,Smp,TN397,UKH5,OnM,A,D3-Homarine,6224180,78.0399
230607_Smp_TN397_UKH5_0nM_B,230607,Smp,TN397,UKH5,OnM,B,D3-Homarine,8266417,78.0399
230607_Smp_TN397_UKH5_0nM_C,230607,Smp,TN397,UKH5,OnM,C,D3-Homarine,5886392,78.0399
230808_Smp_TN397_UKH1_0nM_A,230808,Smp,TN397,UKH1,0nM,A,D3-Homarine,231636,97.0954
230808_Smp_TN397_UKH1_0nM_B,230808,Smp,TN397,UKH1,0nM,B,D3-Homarine,95768,97.0954
230808_Smp_TN397_UKH1_0nM_C,230808,Smp,TN397,UKH1,0nM,C,D3-Homarine,61749,97.0954
230808_Smp_TN397_UKH1_2nM_A,230808,Smp,TN397,UKH1,2nM,A,D3-Homarine,22031960,97.0954
230808_Smp_TN397_UKH1_2nM_B,230808,Smp,TN397,UKH1,2nM,B,D3-Homarine,27498724,97.0954
230808_Smp_TN397_UKH1_2nM_C,230808,Smp,TN397,UKH1,2nM,C,D3-Homarine,26863096,97.0954
230808_Smp_TN397_UKH1_5nM_A,230808,Smp,TN397,UKH1,5nM,A,D3-Homarine,31214320,97.0954
230808_Smp_TN397_UKH1_5nM_B,230808,Smp,TN397,UKH1,5nM,B,D3-Homarine,44637492,97.0954
230808_Smp_TN397_UKH1_5nM_C,230808,Smp,TN397,UKH1,5nM,C,D3-Homarine,32628768,97.0954
230808_Smp_TN397_UKH1_10nM_A,230808,Smp,TN397,UKH1,10nM,A,D3-Homarine,61796380,97.0954
230808_Smp_TN397_UKH1_10nM_B,230808,Smp,TN397,UKH1,10nM,B,D3-Homarine,69511792,97.0954
230808_Smp_TN397_UKH1_10nM_C,230808,Smp,TN397,UKH1,10nM,C,D3-Homarine,86028864,97.0954
230808_Smp_TN397_UKH1_50nM_A,230808,Smp,TN397,UKH1,50nM,A,D3-Homarine,111037592,97.0954
230808_Smp_TN397_UKH1_50nM_B,230808,Smp,TN397,UKH1,50nM,B,D3-Homarine,87836616,97.0954
230808_Smp_TN397_UKH1_50nM_C,230808,Smp,TN397,UKH1,50nM,C,D3-Homarine,152683072,97.0954
230808_Smp_TN397_UKH1_200nM_A,230808,Smp,TN397,UKH1,200nM,A,D3-Homarine,253501664,97.0954
230808_Smp_TN397_UKH1_200nM_B,230808,Smp,TN397,UKH1,200nM,B,D3-Homarine,309969536,97.0954
230808_Smp_TN397_UKH1_200nM_C,230808,Smp,TN397,UKH1,200nM,C,D3-Homarine,284735488,97.0954
230808_Smp_TN397_UKH1_1000nM_A,230808,Smp,TN397,UKH1,1000nM,A,D3-Homarine,520905792,97.0954
230808_Smp_TN397_UKH1_1000nM_B,230808,Smp,TN397,UKH1,1000nM,B,D3-Homarine,436619040,97.0954
230808_Smp_TN397_UKH1_1000nM_C,230808,Smp,TN397,UKH1,1000nM,C,D3-Homarine,476164064,97.0954
230808_Smp_TN397_UKH2_0nM_A,230808,Smp,TN397,UKH2,0nM,A,D3-Homarine,69784,97.0954
230808_Smp_TN397_UKH2_0nM_B,230808,Smp,TN397,UKH2,0nM,B,D3-Homarine,78395,97.0954
230808_Smp_TN397_UKH2_0nM_Blk,230808,Smp,TN397,UKH2,0nM,Blk,D3-Homarine,293832,97.0954
230808_Smp_TN397_UKH2_0nM_C,230808,Smp,TN397,UKH2,0nM,C,D3-Homarine,18807,97.0954
230808_Smp_TN397_UKH2_2nM_A,230808,Smp,TN397,UKH2,2nM,A,D3-Homarine,14286235,97.0954
230808_Smp_TN397_UKH2_2nM_B,230808,Smp,TN397,UKH2,2nM,B,D3-Homarine,8789532,97.0954
230808_Smp_TN397_UKH2_2nM_C,230808,Smp,TN397,UKH2,2nM,C,D3-Homarine,11667749,97.0954
230808_Smp_TN397_UKH2_5nM_A,230808,Smp,TN397,UKH2,5nM,A,D3-Homarine,26830354,97.0954
230808_Smp_TN397_UKH2_5nM_B,230808,Smp,TN397,UKH2,5nM,B,D3-Homarine,19450986,97.0954
230808_Smp_TN397_UKH2_5nM_Blk,230808,Smp,TN397,UKH2,5nM,Blk,D3-Homarine,1193712,97.0954
230808_Smp_TN397_UKH2_5nM_C,230808,Smp,TN397,UKH2,5nM,C,D3-Homarine,21040020,97.0954
230808_Smp_TN397_UKH2_10nM_A,230808,Smp,TN397,UKH2,10nM,A,D3-Homarine,38304084,97.0954
230808_Smp_TN397_UKH2_10nM_B,230808,Smp,TN397,UKH2,10nM,B,D3-Homarine,44193156,97.0954
230808_Smp_TN397_UKH2_10nM_C,230808,Smp,TN397,UKH2,10nM,C,D3-Homarine,35176476,97.0954
230808_Smp_TN397_UKH2_50nM_A,230808,Smp,TN397,UKH2,50nM,A,D3-Homarine,110597808,97.0954
230808_Smp_TN397_UKH2_50nM_B,230808,Smp,TN397,UKH2,50nM,B,D3-Homarine,122085008,97.0954
230808_Smp_TN397_UKH2_50nM_Blk,230808,Smp,TN397,UKH2,50nM,Blk,D3-Homarine,8201684,97.0954
230808_Smp_TN397_UKH2_50nM_C,230808,Smp,TN397,UKH2,50nM,C,D3-Homarine,132032800,97.0954
230808_Smp_TN397_UKH2_200nM_A,230808,Smp,TN397,UKH2,200nM,A,D3-Homarine,156552960,97.0954
230808_Smp_TN397_UKH2_200nM_B,230808,Smp,TN397,UKH2,200nM,B,D3-Homarine,201671136,97.0954
230808_Smp_TN397_UKH2_200nM_C,230808,Smp,TN397,UKH2,200nM,C,D3-Homarine,186435536,97.0954
230808_Smp_TN397_UKH2_1000nM_A,230808,Smp,TN397,UKH2,1000nM,A,D3-Homarine,365642400,97.0954
230808_Smp_TN397_UKH2_1000nM_B,230808,Smp,TN397,UKH2,1000nM,B,D3-Homarine,379650752,97.0954
230808_Smp_TN397_UKH2_1000nM_Blk,230808,Smp,TN397,UKH2,1000nM,Blk,D3-Homarine,173022544,97.0954
230808_Smp_TN397_UKH2_1000nM_C,230808,Smp,TN397,UKH2,1000nM,C,D3-Homarine,500793536,97.0954
230808_Smp_TN397_UKH3_0nM_A,230808,Smp,TN397,UKH3,0nM,A,D3-Homarine,636509,97.0954
230808_Smp_TN397_UKH3_0nM_B,230808,Smp,TN397,UKH3,0nM,B,D3-Homarine,440417,97.0954
230808_Smp_TN397_UKH3_0nM_C,230808,Smp,TN397,UKH3,0nM,C,D3-Homarine,412887,97.0954
230808_Smp_TN397_UKH3_5nM_A,230808,Smp,TN397,UKH3,5nM,A,D3-Homarine,27525560,97.0954
230808_Smp_TN397_UKH3_5nM_B,230808,Smp,TN397,UKH3,5nM,B,D3-Homarine,25256614,97.0954
230808_Smp_TN397_UKH3_5nM_C,230808,Smp,TN397,UKH3,5nM,C,D3-Homarine,22871218,97.0954
230808_Smp_TN397_UKH3_10nM_A,230808,Smp,TN397,UKH3,10nM,A,D3-Homarine,41060556,97.0954
230808_Smp_TN397_UKH3_10nM_B,230808,Smp,TN397,UKH3,10nM,B,D3-Homarine,49087296,97.0954
230808_Smp_TN397_UKH3_10nM_C,230808,Smp,TN397,UKH3,10nM,C,D3-Homarine,47514768,97.0954
230808_Smp_TN397_UKH3_50nM_A,230808,Smp,TN397,UKH3,50nM,A,D3-Homarine,109510248,97.0954
230808_Smp_TN397_UKH3_50nM_B,230808,Smp,TN397,UKH3,50nM,B,D3-Homarine,175200784,97.0954
230808_Smp_TN397_UKH3_50nM_C,230808,Smp,TN397,UKH3,50nM,C,D3-Homarine,181006272,97.0954
230808_Smp_TN397_UKH3_200nM_A,230808,Smp,TN397,UKH3,200nM,A,D3-Homarine,307262144,97.0954
230808_Smp_TN397_UKH3_200nM_B,230808,Smp,TN397,UKH3,200nM,B,D3-Homarine,356851904,97.0954
230808_Smp_TN397_UKH3_200nM_C,230808,Smp,TN397,UKH3,200nM,C,D3-Homarine,399328960,97.0954
230808_Smp_TN397_UKH3_500nM_A,230808,Smp,TN397,UKH3,500nM,A,D3-Homarine,472834176,97.0954
230808_Smp_TN397_UKH3_500nM_B,230808,Smp,TN397,UKH3,500nM,B,D3-Homarine,639542720,97.0954
230808_Smp_TN397_UKH3_500nM_C,230808,Smp,TN397,UKH3,500nM,C,D3-Homarine,456333408,97.0954
230808_Smp_TN397_UKH3_1500nM_A,230808,Smp,TN397,UKH3,1500nM,A,D3-Homarine,903358528,97.0954
230808_Smp_TN397_UKH3_1500nM_B,230808,Smp,TN397,UKH3,1500nM,B,D3-Homarine,962107072,97.0954
230808_Smp_TN397_UKH3_1500nM_C,230808,Smp,TN397,UKH3,1500nM,C,D3-Homarine,1367631744,97.0954
230808_Smp_TN397_UKH1_0nM_A,230808,Smp,TN397,UKH1,0nM,A,D3-Homarine,285326,78.0399
230808_Smp_TN397_UKH1_0nM_B,230808,Smp,TN397,UKH1,0nM,B,D3-Homarine,76580,78.0399
230808_Smp_TN397_UKH1_0nM_C,230808,Smp,TN397,UKH1,0nM,C,D3-Homarine,316933,78.0399
230808_Smp_TN397_UKH1_2nM_A,230808,Smp,TN397,UKH1,2nM,A,D3-Homarine,39748560,78.0399
230808_Smp_TN397_UKH1_2nM_B,230808,Smp,TN397,UKH1,2nM,B,D3-Homarine,50080256,78.0399
230808_Smp_TN397_UKH1_2nM_C,230808,Smp,TN397,UKH1,2nM,C,D3-Homarine,46484356,78.0399
230808_Smp_TN397_UKH1_5nM_A,230808,Smp,TN397,UKH1,5nM,A,D3-Homarine,55434760,78.0399
230808_Smp_TN397_UKH1_5nM_B,230808,Smp,TN397,UKH1,5nM,B,D3-Homarine,81290168,78.0399
230808_Smp_TN397_UKH1_5nM_C,230808,Smp,TN397,UKH1,5nM,C,D3-Homarine,60305912,78.0399
230808_Smp_TN397_UKH1_10nM_A,230808,Smp,TN397,UKH1,10nM,A,D3-Homarine,109796392,78.0399
230808_Smp_TN397_UKH1_10nM_B,230808,Smp,TN397,UKH1,10nM,B,D3-Homarine,120822528,78.0399
230808_Smp_TN397_UKH1_10nM_C,230808,Smp,TN397,UKH1,10nM,C,D3-Homarine,152260480,78.0399
230808_Smp_TN397_UKH1_50nM_A,230808,Smp,TN397,UKH1,50nM,A,D3-Homarine,195477024,78.0399
230808_Smp_TN397_UKH1_50nM_B,230808,Smp,TN397,UKH1,50nM,B,D3-Homarine,161738512,78.0399
230808_Smp_TN397_UKH1_50nM_C,230808,Smp,TN397,UKH1,50nM,C,D3-Homarine,266607056,78.0399
230808_Smp_TN397_UKH1_200nM_A,230808,Smp,TN397,UKH1,200nM,A,D3-Homarine,441038368,78.0399
230808_Smp_TN397_UKH1_200nM_B,230808,Smp,TN397,UKH1,200nM,B,D3-Homarine,536815520,78.0399
230808_Smp_TN397_UKH1_200nM_C,230808,Smp,TN397,UKH1,200nM,C,D3-Homarine,494037184,78.0399
230808_Smp_TN397_UKH1_1000nM_A,230808,Smp,TN397,UKH1,1000nM,A,D3-Homarine,915858432,78.0399
230808_Smp_TN397_UKH1_1000nM_B,230808,Smp,TN397,UKH1,1000nM,B,D3-Homarine,762202112,78.0399
230808_Smp_TN397_UKH1_1000nM_C,230808,Smp,TN397,UKH1,1000nM,C,D3-Homarine,819295936,78.0399
230808_Smp_TN397_UKH2_0nM_A,230808,Smp,TN397,UKH2,0nM,A,D3-Homarine,173022,78.0399
230808_Smp_TN397_UKH2_0nM_B,230808,Smp,TN397,UKH2,0nM,B,D3-Homarine,204605,78.0399
230808_Smp_TN397_UKH2_0nM_Blk,230808,Smp,TN397,UKH2,0nM,Blk,D3-Homarine,721438,78.0399
230808_Smp_TN397_UKH2_0nM_C,230808,Smp,TN397,UKH2,0nM,C,D3-Homarine,93329,78.0399
230808_Smp_TN397_UKH2_2nM_A,230808,Smp,TN397,UKH2,2nM,A,D3-Homarine,25774408,78.0399
230808_Smp_TN397_UKH2_2nM_B,230808,Smp,TN397,UKH2,2nM,B,D3-Homarine,15633825,78.0399
230808_Smp_TN397_UKH2_2nM_C,230808,Smp,TN397,UKH2,2nM,C,D3-Homarine,20962082,78.0399
230808_Smp_TN397_UKH2_5nM_A,230808,Smp,TN397,UKH2,5nM,A,D3-Homarine,48146016,78.0399
230808_Smp_TN397_UKH2_5nM_B,230808,Smp,TN397,UKH2,5nM,B,D3-Homarine,37232904,78.0399
230808_Smp_TN397_UKH2_5nM_Blk,230808,Smp,TN397,UKH2,5nM,Blk,D3-Homarine,1604881,78.0399
230808_Smp_TN397_UKH2_5nM_C,230808,Smp,TN397,UKH2,5nM,C,D3-Homarine,37674596,78.0399
230808_Smp_TN397_UKH2_10nM_A,230808,Smp,TN397,UKH2,10nM,A,D3-Homarine,71686648,78.0399
230808_Smp_TN397_UKH2_10nM_B,230808,Smp,TN397,UKH2,10nM,B,D3-Homarine,78342152,78.0399
230808_Smp_TN397_UKH2_10nM_C,230808,Smp,TN397,UKH2,10nM,C,D3-Homarine,63817200,78.0399
230808_Smp_TN397_UKH2_50nM_A,230808,Smp,TN397,UKH2,50nM,A,D3-Homarine,207566528,78.0399
230808_Smp_TN397_UKH2_50nM_B,230808,Smp,TN397,UKH2,50nM,B,D3-Homarine,216325792,78.0399
230808_Smp_TN397_UKH2_50nM_Blk,230808,Smp,TN397,UKH2,50nM,Blk,D3-Homarine,14768423,78.0399
230808_Smp_TN397_UKH2_50nM_C,230808,Smp,TN397,UKH2,50nM,C,D3-Homarine,236454544,78.0399
230808_Smp_TN397_UKH2_200nM_A,230808,Smp,TN397,UKH2,200nM,A,D3-Homarine,290374528,78.0399
230808_Smp_TN397_UKH2_200nM_B,230808,Smp,TN397,UKH2,200nM,B,D3-Homarine,359918784,78.0399
230808_Smp_TN397_UKH2_200nM_C,230808,Smp,TN397,UKH2,200nM,C,D3-Homarine,331932544,78.0399
230808_Smp_TN397_UKH2_1000nM_A,230808,Smp,TN397,UKH2,1000nM,A,D3-Homarine,674270400,78.0399
230808_Smp_TN397_UKH2_1000nM_B,230808,Smp,TN397,UKH2,1000nM,B,D3-Homarine,680776192,78.0399
230808_Smp_TN397_UKH2_1000nM_Blk,230808,Smp,TN397,UKH2,1000nM,Blk,D3-Homarine,309155072,78.0399
230808_Smp_TN397_UKH2_1000nM_C,230808,Smp,TN397,UKH2,1000nM,C,D3-Homarine,892672320,78.0399
230808_Smp_TN397_UKH3_0nM_A,230808,Smp,TN397,UKH3,0nM,A,D3-Homarine,933014,78.0399
230808_Smp_TN397_UKH3_0nM_B,230808,Smp,TN397,UKH3,0nM,B,D3-Homarine,697627,78.0399
230808_Smp_TN397_UKH3_0nM_C,230808,Smp,TN397,UKH3,0nM,C,D3-Homarine,572703,78.0399
230808_Smp_TN397_UKH3_5nM_A,230808,Smp,TN397,UKH3,5nM,A,D3-Homarine,49103572,78.0399
230808_Smp_TN397_UKH3_5nM_B,230808,Smp,TN397,UKH3,5nM,B,D3-Homarine,45086868,78.0399
230808_Smp_TN397_UKH3_5nM_C,230808,Smp,TN397,UKH3,5nM,C,D3-Homarine,41051868,78.0399
230808_Smp_TN397_UKH3_10nM_A,230808,Smp,TN397,UKH3,10nM,A,D3-Homarine,73181208,78.0399
230808_Smp_TN397_UKH3_10nM_B,230808,Smp,TN397,UKH3,10nM,B,D3-Homarine,87244208,78.0399
230808_Smp_TN397_UKH3_10nM_C,230808,Smp,TN397,UKH3,10nM,C,D3-Homarine,85929784,78.0399
230808_Smp_TN397_UKH3_50nM_A,230808,Smp,TN397,UKH3,50nM,A,D3-Homarine,197082528,78.0399
230808_Smp_TN397_UKH3_50nM_B,230808,Smp,TN397,UKH3,50nM,B,D3-Homarine,324306944,78.0399
230808_Smp_TN397_UKH3_50nM_C,230808,Smp,TN397,UKH3,50nM,C,D3-Homarine,324934208,78.0399
230808_Smp_TN397_UKH3_200nM_A,230808,Smp,TN397,UKH3,200nM,A,D3-Homarine,551232256,78.0399
230808_Smp_TN397_UKH3_200nM_B,230808,Smp,TN397,UKH3,200nM,B,D3-Homarine,638406848,78.0399
230808_Smp_TN397_UKH3_200nM_C,230808,Smp,TN397,UKH3,200nM,C,D3-Homarine,710963072,78.0399
230808_Smp_TN397_UKH3_500nM_A,230808,Smp,TN397,UKH3,500nM,A,D3-Homarine,845375616,78.0399
230808_Smp_TN397_UKH3_500nM_B,230808,Smp,TN397,UKH3,500nM,B,D3-Homarine,1145660160,78.0399
230808_Smp_TN397_UKH3_500nM_C,230808,Smp,TN397,UKH3,500nM,C,D3-Homarine,815862464,78.0399
230808_Smp_TN397_UKH3_1500nM_A,230808,Smp,TN397,UKH3,1500nM,A,D3-Homarine,1618648960,78.0399
230808_Smp_TN397_UKH3_1500nM_B,230808,Smp,TN397,UKH3,1500nM,B,D3-Homarine,1721683072,78.0399
230808_Smp_TN397_UKH3_1500nM_C,230808,Smp,TN397,UKH3,1500nM,C,D3-Homarine,2444115456,78.0399
230403_Smp_RC078_UKH1_0nM_A,230403,Smp,RC078,UKH1,0nM,A,D3-Homarine,7056639,97.0954
230403_Smp_RC078_UKH1_0nM_B,230403,Smp,RC078,UKH1,0nM,B,D3-Homarine,8327358,97.0954
230403_Smp_RC078_UKH1_0nM_C,230403,Smp,RC078,UKH1,0nM,C,D3-Homarine,7213434,97.0954
230403_Smp_RC078_UKH1_5nM_A,230403,Smp,RC078,UKH1,5nM,A,D3-Homarine,66051608,97.0954
230403_Smp_RC078_UKH1_5nM_B,230403,Smp,RC078,UKH1,5nM,B,D3-Homarine,28669502,97.0954
230403_Smp_RC078_UKH1_5nM_C,230403,Smp,RC078,UKH1,5nM,C,D3-Homarine,30658204,97.0954
230403_Smp_RC078_UKH1_10nM_A,230403,Smp,RC078,UKH1,10nM,A,D3-Homarine,48177172,97.0954
230403_Smp_RC078_UKH1_10nM_B,230403,Smp,RC078,UKH1,10nM,B,D3-Homarine,43805736,97.0954
230403_Smp_RC078_UKH1_10nM_C,230403,Smp,RC078,UKH1,10nM,C,D3-Homarine,49656904,97.0954
230403_Smp_RC078_UKH1_50nM_A,230403,Smp,RC078,UKH1,50nM,A,D3-Homarine,136254832,97.0954
230403_Smp_RC078_UKH1_50nM_B,230403,Smp,RC078,UKH1,50nM,B,D3-Homarine,153774992,97.0954
230403_Smp_RC078_UKH1_50nM_C,230403,Smp,RC078,UKH1,50nM,C,D3-Homarine,143849856,97.0954
230403_Smp_RC078_UKH1_200nM_A,230403,Smp,RC078,UKH1,200nM,A,D3-Homarine,276703360,97.0954
230403_Smp_RC078_UKH1_200nM_B,230403,Smp,RC078,UKH1,200nM,B,D3-Homarine,345274560,97.0954
230403_Smp_RC078_UKH1_200nM_C,230403,Smp,RC078,UKH1,200nM,C,D3-Homarine,335974688,97.0954
230403_Smp_RC078_UKH1_500nM_A,230403,Smp,RC078,UKH1,500nM,A,D3-Homarine,442306080,97.0954
230403_Smp_RC078_UKH1_500nM_B,230403,Smp,RC078,UKH1,500nM,B,D3-Homarine,437555808,97.0954
230403_Smp_RC078_UKH1_500nM_C,230403,Smp,RC078,UKH1,500nM,C,D3-Homarine,426749344,97.0954
230403_Smp_RC078_UKH1_2000nM_A,230403,Smp,RC078,UKH1,2000nM,A,D3-Homarine,1103141376,97.0954
230403_Smp_RC078_UKH1_2000nM_B,230403,Smp,RC078,UKH1,2000nM,B,D3-Homarine,1088666240,97.0954
230403_Smp_RC078_UKH1_2000nM_C,230403,Smp,RC078,UKH1,2000nM,C,D3-Homarine,1088802944,97.0954
230403_Smp_RC078_UKH1_0nM_A,230403,Smp,RC078,UKH1,0nM,A,D3-Homarine,9090544,78.0399
230403_Smp_RC078_UKH1_0nM_B,230403,Smp,RC078,UKH1,0nM,B,D3-Homarine,10949274,78.0399
230403_Smp_RC078_UKH1_0nM_C,230403,Smp,RC078,UKH1,0nM,C,D3-Homarine,9563562,78.0399
230403_Smp_RC078_UKH1_5nM_A,230403,Smp,RC078,UKH1,5nM,A,D3-Homarine,97241824,78.0399
230403_Smp_RC078_UKH1_5nM_B,230403,Smp,RC078,UKH1,5nM,B,D3-Homarine,44551540,78.0399
230403_Smp_RC078_UKH1_5nM_C,230403,Smp,RC078,UKH1,5nM,C,D3-Homarine,46174392,78.0399
230403_Smp_RC078_UKH1_10nM_A,230403,Smp,RC078,UKH1,10nM,A,D3-Homarine,71500976,78.0399
230403_Smp_RC078_UKH1_10nM_B,230403,Smp,RC078,UKH1,10nM,B,D3-Homarine,66564348,78.0399
230403_Smp_RC078_UKH1_10nM_C,230403,Smp,RC078,UKH1,10nM,C,D3-Homarine,73591672,78.0399
230403_Smp_RC078_UKH1_50nM_A,230403,Smp,RC078,UKH1,50nM,A,D3-Homarine,211638080,78.0399
230403_Smp_RC078_UKH1_50nM_B,230403,Smp,RC078,UKH1,50nM,B,D3-Homarine,235245216,78.0399
230403_Smp_RC078_UKH1_50nM_C,230403,Smp,RC078,UKH1,50nM,C,D3-Homarine,225002304,78.0399
230403_Smp_RC078_UKH1_200nM_A,230403,Smp,RC078,UKH1,200nM,A,D3-Homarine,430780864,78.0399
230403_Smp_RC078_UKH1_200nM_B,230403,Smp,RC078,UKH1,200nM,B,D3-Homarine,538042368,78.0399
230403_Smp_RC078_UKH1_200nM_C,230403,Smp,RC078,UKH1,200nM,C,D3-Homarine,523504064,78.0399
230403_Smp_RC078_UKH1_500nM_A,230403,Smp,RC078,UKH1,500nM,A,D3-Homarine,687574528,78.0399
230403_Smp_RC078_UKH1_500nM_B,230403,Smp,RC078,UKH1,500nM,B,D3-Homarine,679011328,78.0399
230403_Smp_RC078_UKH1_500nM_C,230403,Smp,RC078,UKH1,500nM,C,D3-Homarine,655060032,78.0399
230403_Smp_RC078_UKH1_2000nM_A,230403,Smp,RC078,UKH1,2000nM,A,D3-Homarine,1719910272,78.0399
230403_Smp_RC078_UKH1_2000nM_B,230403,Smp,RC078,UKH1,2000nM,B,D3-Homarine,1682849280,78.0399
230403_Smp_RC078_UKH1_2000nM_C,230403,Smp,RC078,UKH1,2000nM,C,D3-Homarine,1705393152,78.0399
230921_Smp_RC078_UKH2_0nM_A,230921,Smp,RC078,UKH2,0nM,A,D3-Homarine,11470717,97.0954
230921_Smp_RC078_UKH2_0nM_B,230921,Smp,RC078,UKH2,0nM,B,D3-Homarine,12459893,97.0954
230921_Smp_RC078_UKH2_0nM_C,230921,Smp,RC078,UKH2,0nM,C,D3-Homarine,12260651,97.0954
230921_Smp_RC078_UKH2_5nM_A,230921,Smp,RC078,UKH2,5nM,A,D3-Homarine,39758352,97.0954
230921_Smp_RC078_UKH2_5nM_B,230921,Smp,RC078,UKH2,5nM,B,D3-Homarine,15574958,97.0954
230921_Smp_RC078_UKH2_5nM_C,230921,Smp,RC078,UKH2,5nM,C,D3-Homarine,18345304,97.0954
230921_Smp_RC078_UKH2_10nM_A,230921,Smp,RC078,UKH2,10nM,A,D3-Homarine,41461784,97.0954
230921_Smp_RC078_UKH2_10nM_B,230921,Smp,RC078,UKH2,10nM,B,D3-Homarine,25976876,97.0954
230921_Smp_RC078_UKH2_10nM_Blk,230921,Smp,RC078,UKH2,10nM,Blk,D3-Homarine,2584532,97.0954
230921_Smp_RC078_UKH2_10nM_C,230921,Smp,RC078,UKH2,10nM,C,D3-Homarine,32388602,97.0954
230921_Smp_RC078_UKH2_50nM_A,230921,Smp,RC078,UKH2,50nM,A,D3-Homarine,117396408,97.0954
230921_Smp_RC078_UKH2_50nM_B,230921,Smp,RC078,UKH2,50nM,B,D3-Homarine,116073200,97.0954
230921_Smp_RC078_UKH2_50nM_C,230921,Smp,RC078,UKH2,50nM,C,D3-Homarine,120728904,97.0954
230921_Smp_RC078_UKH2_200nM_A,230921,Smp,RC078,UKH2,200nM,A,D3-Homarine,135835424,97.0954
230921_Smp_RC078_UKH2_200nM_B,230921,Smp,RC078,UKH2,200nM,B,D3-Homarine,164140048,97.0954
230921_Smp_RC078_UKH2_200nM_Blk,230921,Smp,RC078,UKH2,200nM,Blk,D3-Homarine,57395616,97.0954
230921_Smp_RC078_UKH2_200nM_C,230921,Smp,RC078,UKH2,200nM,C,D3-Homarine,161544288,97.0954
230921_Smp_RC078_UKH2_500nM_A,230921,Smp,RC078,UKH2,500nM,A,D3-Homarine,527355328,97.0954
230921_Smp_RC078_UKH2_500nM_B,230921,Smp,RC078,UKH2,500nM,B,D3-Homarine,557876928,97.0954
230921_Smp_RC078_UKH2_500nM_C,230921,Smp,RC078,UKH2,500nM,C,D3-Homarine,492579328,97.0954
230921_Smp_RC078_UKH2_2000nM_A,230921,Smp,RC078,UKH2,2000nM,A,D3-Homarine,1105823104,97.0954
230921_Smp_RC078_UKH2_2000nM_B,230921,Smp,RC078,UKH2,2000nM,B,D3-Homarine,985485376,97.0954
230921_Smp_RC078_UKH2_2000nM_Blk,230921,Smp,RC078,UKH2,2000nM,Blk,D3-Homarine,380775296,97.0954
230921_Smp_RC078_UKH2_2000nM_C,230921,Smp,RC078,UKH2,2000nM,C,D3-Homarine,930795584,97.0954
230921_Smp_RC104_UCH1_Con_A,230921,Smp,RC104,UCH1,Con,A,D3-Homarine,226625168,97.0954
230921_Smp_RC104_UCH1_Con_B,230921,Smp,RC104,UCH1,Con,B,D3-Homarine,204768656,97.0954
230921_Smp_RC104_UCH1_Con_C,230921,Smp,RC104,UCH1,Con,C,D3-Homarine,276013888,97.0954
230921_Smp_RC104_UCH1_DMSP_A,230921,Smp,RC104,UCH1,DMSP,A,D3-Homarine,100763264,97.0954
230921_Smp_RC104_UCH1_DMSP_B,230921,Smp,RC104,UCH1,DMSP,B,D3-Homarine,91873624,97.0954
230921_Smp_RC104_UCH1_DMSP_C,230921,Smp,RC104,UCH1,DMSP,C,D3-Homarine,112250096,97.0954
230921_Smp_RC104_UCH1_GBT_A,230921,Smp,RC104,UCH1,GBT,A,D3-Homarine,135125392,97.0954
230921_Smp_RC104_UCH1_GBT_B,230921,Smp,RC104,UCH1,GBT,B,D3-Homarine,109439712,97.0954
230921_Smp_RC104_UCH1_GBT_C,230921,Smp,RC104,UCH1,GBT,C,D3-Homarine,142439152,97.0954
230921_Smp_RC104_UCH1_Gluc_A,230921,Smp,RC104,UCH1,Gluc,A,D3-Homarine,224192288,97.0954
230921_Smp_RC104_UCH1_Gluc_B,230921,Smp,RC104,UCH1,Gluc,B,D3-Homarine,229976064,97.0954
230921_Smp_RC104_UCH1_Gluc_C,230921,Smp,RC104,UCH1,Gluc,C,D3-Homarine,217290096,97.0954
230921_Smp_RC104_UCH1_Hom_A,230921,Smp,RC104,UCH1,Hom,A,D3-Homarine,142172160,97.0954
230921_Smp_RC104_UCH1_Hom_B,230921,Smp,RC104,UCH1,Hom,B,D3-Homarine,109014920,97.0954
230921_Smp_RC104_UCH1_Hom_C,230921,Smp,RC104,UCH1,Hom,C,D3-Homarine,131034432,97.0954
230921_Smp_RC104_UCH1_TMAO_A,230921,Smp,RC104,UCH1,TMAO,A,D3-Homarine,209657008,97.0954
230921_Smp_RC104_UCH1_TMAO_B,230921,Smp,RC104,UCH1,TMAO,B,D3-Homarine,162226704,97.0954
230921_Smp_RC104_UCH1_TMAO_C,230921,Smp,RC104,UCH1,TMAO,C,D3-Homarine,198634224,97.0954
230921_Smp_RC104_UCH1_Trig_A,230921,Smp,RC104,UCH1,Trig,A,D3-Homarine,137780400,97.0954
230921_Smp_RC104_UCH1_Trig_B,230921,Smp,RC104,UCH1,Trig,B,D3-Homarine,175810304,97.0954
230921_Smp_RC104_UCH1_Trig_C,230921,Smp,RC104,UCH1,Trig,C,D3-Homarine,136989680,97.0954
230921_Smp_RC104_UKH1_0nM_A,230921,Smp,RC104,UKH1,0nM,A,D3-Homarine,1950095,97.0954
230921_Smp_RC104_UKH1_0nM_B,230921,Smp,RC104,UKH1,0nM,B,D3-Homarine,1406645,97.0954
230921_Smp_RC104_UKH1_0nM_C,230921,Smp,RC104,UKH1,0nM,C,D3-Homarine,1918421,97.0954
230921_Smp_RC104_UKH1_10nM_A,230921,Smp,RC104,UKH1,10nM,A,D3-Homarine,66229596,97.0954
230921_Smp_RC104_UKH1_10nM_B,230921,Smp,RC104,UKH1,10nM,B,D3-Homarine,86391728,97.0954
230921_Smp_RC104_UKH1_10nM_C,230921,Smp,RC104,UKH1,10nM,C,D3-Homarine,68909496,97.0954
230921_Smp_RC104_UKH1_100nM_A,230921,Smp,RC104,UKH1,100nM,A,D3-Homarine,258478480,97.0954
230921_Smp_RC104_UKH1_100nM_B,230921,Smp,RC104,UKH1,100nM,B,D3-Homarine,191151024,97.0954
230921_Smp_RC104_UKH1_100nM_C,230921,Smp,RC104,UKH1,100nM,C,D3-Homarine,282832032,97.0954
230921_Smp_RC104_UKH1_250nM_A,230921,Smp,RC104,UKH1,250nM,A,D3-Homarine,455106112,97.0954
230921_Smp_RC104_UKH1_250nM_B,230921,Smp,RC104,UKH1,250nM,B,D3-Homarine,439227232,97.0954
230921_Smp_RC104_UKH1_250nM_Blk,230921,Smp,RC104,UKH1,250nM,Blk,D3-Homarine,110307712,97.0954
230921_Smp_RC104_UKH1_250nM_C,230921,Smp,RC104,UKH1,250nM,C,D3-Homarine,447847200,97.0954
230921_Smp_RC104_UKH1_1000nM_A,230921,Smp,RC104,UKH1,1000nM,A,D3-Homarine,861402240,97.0954
230921_Smp_RC104_UKH1_1000nM_B,230921,Smp,RC104,UKH1,1000nM,B,D3-Homarine,891237440,97.0954
230921_Smp_RC104_UKH1_1000nM_Blk,230921,Smp,RC104,UKH1,1000nM,Blk,D3-Homarine,435193088,97.0954
230921_Smp_RC104_UKH1_1000nM_C,230921,Smp,RC104,UKH1,1000nM,C,D3-Homarine,798187456,97.0954
230921_Smp_RC104_UKH1_2000nM_A,230921,Smp,RC104,UKH1,2000nM,A,D3-Homarine,1130707328,97.0954
230921_Smp_RC104_UKH1_2000nM_B,230921,Smp,RC104,UKH1,2000nM,B,D3-Homarine,1085455488,97.0954
230921_Smp_RC104_UKH1_2000nM_Blk,230921,Smp,RC104,UKH1,2000nM,Blk,D3-Homarine,726665664,97.0954
230921_Smp_RC104_UKH1_2000nM_C,230921,Smp,RC104,UKH1,2000nM,C,D3-Homarine,1330194944,97.0954
230921_Smp_RC104_UKH1_3000nM_A,230921,Smp,RC104,UKH1,3000nM,A,D3-Homarine,1774038016,97.0954
230921_Smp_RC104_UKH1_3000nM_B,230921,Smp,RC104,UKH1,3000nM,B,D3-Homarine,896915392,97.0954
230921_Smp_RC104_UKH1_3000nM_Blk,230921,Smp,RC104,UKH1,3000nM,Blk,D3-Homarine,335352864,97.0954
230921_Smp_RC104_UKH1_3000nM_C,230921,Smp,RC104,UKH1,3000nM,C,D3-Homarine,1523778944,97.0954
230921_Smp_RC078_UKH2_0nM_A,230921,Smp,RC078,UKH2,0nM,A,D3-Homarine,14357852,78.0399
230921_Smp_RC078_UKH2_0nM_B,230921,Smp,RC078,UKH2,0nM,B,D3-Homarine,14927367,78.0399
230921_Smp_RC078_UKH2_0nM_C,230921,Smp,RC078,UKH2,0nM,C,D3-Homarine,14933045,78.0399
230921_Smp_RC078_UKH2_5nM_A,230921,Smp,RC078,UKH2,5nM,A,D3-Homarine,69914168,78.0399
230921_Smp_RC078_UKH2_5nM_B,230921,Smp,RC078,UKH2,5nM,B,D3-Homarine,24723436,78.0399
230921_Smp_RC078_UKH2_5nM_C,230921,Smp,RC078,UKH2,5nM,C,D3-Homarine,29113808,78.0399
230921_Smp_RC078_UKH2_10nM_A,230921,Smp,RC078,UKH2,10nM,A,D3-Homarine,70925400,78.0399
230921_Smp_RC078_UKH2_10nM_B,230921,Smp,RC078,UKH2,10nM,B,D3-Homarine,44680404,78.0399
230921_Smp_RC078_UKH2_10nM_Blk,230921,Smp,RC078,UKH2,10nM,Blk,D3-Homarine,5459707,78.0399
230921_Smp_RC078_UKH2_10nM_C,230921,Smp,RC078,UKH2,10nM,C,D3-Homarine,55493200,78.0399
230921_Smp_RC078_UKH2_50nM_A,230921,Smp,RC078,UKH2,50nM,A,D3-Homarine,225696240,78.0399
230921_Smp_RC078_UKH2_50nM_B,230921,Smp,RC078,UKH2,50nM,B,D3-Homarine,225736688,78.0399
230921_Smp_RC078_UKH2_50nM_C,230921,Smp,RC078,UKH2,50nM,C,D3-Homarine,223365472,78.0399
230921_Smp_RC078_UKH2_200nM_A,230921,Smp,RC078,UKH2,200nM,A,D3-Homarine,268118160,78.0399
230921_Smp_RC078_UKH2_200nM_B,230921,Smp,RC078,UKH2,200nM,B,D3-Homarine,316427456,78.0399
230921_Smp_RC078_UKH2_200nM_Blk,230921,Smp,RC078,UKH2,200nM,Blk,D3-Homarine,121463392,78.0399
230921_Smp_RC078_UKH2_200nM_C,230921,Smp,RC078,UKH2,200nM,C,D3-Homarine,320359872,78.0399
230921_Smp_RC078_UKH2_500nM_A,230921,Smp,RC078,UKH2,500nM,A,D3-Homarine,1021270784,78.0399
230921_Smp_RC078_UKH2_500nM_B,230921,Smp,RC078,UKH2,500nM,B,D3-Homarine,1093895552,78.0399
230921_Smp_RC078_UKH2_500nM_C,230921,Smp,RC078,UKH2,500nM,C,D3-Homarine,968230848,78.0399
230921_Smp_RC078_UKH2_2000nM_A,230921,Smp,RC078,UKH2,2000nM,A,D3-Homarine,2161816320,78.0399
230921_Smp_RC078_UKH2_2000nM_B,230921,Smp,RC078,UKH2,2000nM,B,D3-Homarine,1961406976,78.0399
230921_Smp_RC078_UKH2_2000nM_Blk,230921,Smp,RC078,UKH2,2000nM,Blk,D3-Homarine,810065856,78.0399
230921_Smp_RC078_UKH2_2000nM_C,230921,Smp,RC078,UKH2,2000nM,C,D3-Homarine,1822969472,78.0399
230921_Smp_RC104_UCH1_Con_A,230921,Smp,RC104,UCH1,Con,A,D3-Homarine,474856960,78.0399
230921_Smp_RC104_UCH1_Con_B,230921,Smp,RC104,UCH1,Con,B,D3-Homarine,426077984,78.0399
230921_Smp_RC104_UCH1_Con_C,230921,Smp,RC104,UCH1,Con,C,D3-Homarine,568774592,78.0399
230921_Smp_RC104_UCH1_DMSP_A,230921,Smp,RC104,UCH1,DMSP,A,D3-Homarine,209548080,78.0399
230921_Smp_RC104_UCH1_DMSP_B,230921,Smp,RC104,UCH1,DMSP,B,D3-Homarine,194764736,78.0399
230921_Smp_RC104_UCH1_DMSP_C,230921,Smp,RC104,UCH1,DMSP,C,D3-Homarine,232595840,78.0399
230921_Smp_RC104_UCH1_GBT_A,230921,Smp,RC104,UCH1,GBT,A,D3-Homarine,276163552,78.0399
230921_Smp_RC104_UCH1_GBT_B,230921,Smp,RC104,UCH1,GBT,B,D3-Homarine,223922032,78.0399
230921_Smp_RC104_UCH1_GBT_C,230921,Smp,RC104,UCH1,GBT,C,D3-Homarine,291918016,78.0399
230921_Smp_RC104_UCH1_Gluc_A,230921,Smp,RC104,UCH1,Gluc,A,D3-Homarine,466273280,78.0399
230921_Smp_RC104_UCH1_Gluc_B,230921,Smp,RC104,UCH1,Gluc,B,D3-Homarine,474966368,78.0399
230921_Smp_RC104_UCH1_Gluc_C,230921,Smp,RC104,UCH1,Gluc,C,D3-Homarine,453889984,78.0399
230921_Smp_RC104_UCH1_Hom_A,230921,Smp,RC104,UCH1,Hom,A,D3-Homarine,289062592,78.0399
230921_Smp_RC104_UCH1_Hom_B,230921,Smp,RC104,UCH1,Hom,B,D3-Homarine,224382864,78.0399
230921_Smp_RC104_UCH1_Hom_C,230921,Smp,RC104,UCH1,Hom,C,D3-Homarine,270758944,78.0399
230921_Smp_RC104_UCH1_TMAO_A,230921,Smp,RC104,UCH1,TMAO,A,D3-Homarine,431582528,78.0399
230921_Smp_RC104_UCH1_TMAO_B,230921,Smp,RC104,UCH1,TMAO,B,D3-Homarine,337299104,78.0399
230921_Smp_RC104_UCH1_TMAO_C,230921,Smp,RC104,UCH1,TMAO,C,D3-Homarine,407074112,78.0399
230921_Smp_RC104_UCH1_Trig_A,230921,Smp,RC104,UCH1,Trig,A,D3-Homarine,285270784,78.0399
230921_Smp_RC104_UCH1_Trig_B,230921,Smp,RC104,UCH1,Trig,B,D3-Homarine,360650272,78.0399
230921_Smp_RC104_UCH1_Trig_C,230921,Smp,RC104,UCH1,Trig,C,D3-Homarine,283400320,78.0399
230921_Smp_RC104_UKH1_0nM_A,230921,Smp,RC104,UKH1,0nM,A,D3-Homarine,2752228,78.0399
230921_Smp_RC104_UKH1_0nM_B,230921,Smp,RC104,UKH1,0nM,B,D3-Homarine,1903933,78.0399
230921_Smp_RC104_UKH1_0nM_C,230921,Smp,RC104,UKH1,0nM,C,D3-Homarine,2979911,78.0399
230921_Smp_RC104_UKH1_10nM_A,230921,Smp,RC104,UKH1,10nM,A,D3-Homarine,140582000,78.0399
230921_Smp_RC104_UKH1_10nM_B,230921,Smp,RC104,UKH1,10nM,B,D3-Homarine,180799168,78.0399
230921_Smp_RC104_UKH1_10nM_C,230921,Smp,RC104,UKH1,10nM,C,D3-Homarine,149779040,78.0399
230921_Smp_RC104_UKH1_100nM_A,230921,Smp,RC104,UKH1,100nM,A,D3-Homarine,559289216,78.0399
230921_Smp_RC104_UKH1_100nM_B,230921,Smp,RC104,UKH1,100nM,B,D3-Homarine,411011232,78.0399
230921_Smp_RC104_UKH1_100nM_C,230921,Smp,RC104,UKH1,100nM,C,D3-Homarine,607591296,78.0399
230921_Smp_RC104_UKH1_250nM_A,230921,Smp,RC104,UKH1,250nM,A,D3-Homarine,964637120,78.0399
230921_Smp_RC104_UKH1_250nM_B,230921,Smp,RC104,UKH1,250nM,B,D3-Homarine,928922432,78.0399
230921_Smp_RC104_UKH1_250nM_Blk,230921,Smp,RC104,UKH1,250nM,Blk,D3-Homarine,244090288,78.0399
230921_Smp_RC104_UKH1_250nM_C,230921,Smp,RC104,UKH1,250nM,C,D3-Homarine,965863488,78.0399
230921_Smp_RC104_UKH1_1000nM_A,230921,Smp,RC104,UKH1,1000nM,A,D3-Homarine,1847223808,78.0399
230921_Smp_RC104_UKH1_1000nM_B,230921,Smp,RC104,UKH1,1000nM,B,D3-Homarine,1910821504,78.0399
230921_Smp_RC104_UKH1_1000nM_Blk,230921,Smp,RC104,UKH1,1000nM,Blk,D3-Homarine,941624320,78.0399
230921_Smp_RC104_UKH1_1000nM_C,230921,Smp,RC104,UKH1,1000nM,C,D3-Homarine,1714366208,78.0399
230921_Smp_RC104_UKH1_2000nM_A,230921,Smp,RC104,UKH1,2000nM,A,D3-Homarine,2421913600,78.0399
230921_Smp_RC104_UKH1_2000nM_B,230921,Smp,RC104,UKH1,2000nM,B,D3-Homarine,2316093952,78.0399
230921_Smp_RC104_UKH1_2000nM_Blk,230921,Smp,RC104,UKH1,2000nM,Blk,D3-Homarine,1596549248,78.0399
230921_Smp_RC104_UKH1_2000nM_C,230921,Smp,RC104,UKH1,2000nM,C,D3-Homarine,2814817792,78.0399
230921_Smp_RC104_UKH1_3000nM_A,230921,Smp,RC104,UKH1,3000nM,A,D3-Homarine,3762823936,78.0399
230921_Smp_RC104_UKH1_3000nM_B,230921,Smp,RC104,UKH1,3000nM,B,D3-Homarine,1913801600,78.0399
230921_Smp_RC104_UKH1_3000nM_Blk,230921,Smp,RC104,UKH1,3000nM,Blk,D3-Homarine,734141696,78.0399
230921_Smp_RC104_UKH1_3000nM_C,230921,Smp,RC104,UKH1,3000nM,C,D3-Homarine,3227697664,78.0399
230921_Smp_TN412_UKG_0nM_A,230921,Smp,TN412,UKG,0nM,A,13C-15N Glycine betaine,6909965,62.8977
230921_Smp_TN412_UKG_0nM_B,230921,Smp,TN412,UKG,0nM,B,13C-15N Glycine betaine,3632435,62.8977
230921_Smp_TN412_UKG_0nM_C,230921,Smp,TN412,UKG,0nM,C,13C-15N Glycine betaine,2478580,62.8977
230921_Smp_TN412_UKG_2nM_A,230921,Smp,TN412,UKG,2nM,A,13C-15N Glycine betaine,650432256,62.8977
230921_Smp_TN412_UKG_2nM_B,230921,Smp,TN412,UKG,2nM,B,13C-15N Glycine betaine,724891712,62.8977
230921_Smp_TN412_UKG_2nM_C,230921,Smp,TN412,UKG,2nM,C,13C-15N Glycine betaine,854585280,62.8977
230921_Smp_TN412_UKG_5nM_A,230921,Smp,TN412,UKG,5nM,A,13C-15N Glycine betaine,1153175040,62.8977
230921_Smp_TN412_UKG_5nM_B,230921,Smp,TN412,UKG,5nM,B,13C-15N Glycine betaine,1042947968,62.8977
230921_Smp_TN412_UKG_5nM_blk,230921,Smp,TN412,UKG,5nM,blk,13C-15N Glycine betaine,13279630,62.8977
230921_Smp_TN412_UKG_5nM_C,230921,Smp,TN412,UKG,5nM,C,13C-15N Glycine betaine,1199315072,62.8977
230921_Smp_TN412_UKG_10nM_A,230921,Smp,TN412,UKG,10nM,A,13C-15N Glycine betaine,1473648384,62.8977
230921_Smp_TN412_UKG_10nM_B,230921,Smp,TN412,UKG,10nM,B,13C-15N Glycine betaine,1274739200,62.8977
230921_Smp_TN412_UKG_10nM_C,230921,Smp,TN412,UKG,10nM,C,13C-15N Glycine betaine,1466160000,62.8977
230921_Smp_TN412_UKG_50nM_A,230921,Smp,TN412,UKG,50nM,A,13C-15N Glycine betaine,1713532416,62.8977
230921_Smp_TN412_UKG_50nM_B,230921,Smp,TN412,UKG,50nM,B,13C-15N Glycine betaine,1449042304,62.8977
230921_Smp_TN412_UKG_50nM_blk,230921,Smp,TN412,UKG,50nM,blk,13C-15N Glycine betaine,45565984,62.8977
230921_Smp_TN412_UKG_50nM_C,230921,Smp,TN412,UKG,50nM,C,13C-15N Glycine betaine,1831801984,62.8977
230921_Smp_TN412_UKG_200nM_A,230921,Smp,TN412,UKG,200nM,A,13C-15N Glycine betaine,2221447168,62.8977
230921_Smp_TN412_UKG_200nM_B,230921,Smp,TN412,UKG,200nM,B,13C-15N Glycine betaine,2388487936,62.8977
230921_Smp_TN412_UKG_200nM_C,230921,Smp,TN412,UKG,200nM,C,13C-15N Glycine betaine,2694002688,62.8977
230921_Smp_TN412_UKG_1000nM_A,230921,Smp,TN412,UKG,1000nM,A,13C-15N Glycine betaine,2636793600,62.8977
230921_Smp_TN412_UKG_1000nM_B,230921,Smp,TN412,UKG,1000nM,B,13C-15N Glycine betaine,2532571904,62.8977
230921_Smp_TN412_UKG_1000nM_blk,230921,Smp,TN412,UKG,1000nM,blk,13C-15N Glycine betaine,480277376,62.8977
230921_Smp_TN412_UKG_1000nM_C,230921,Smp,TN412,UKG,1000nM,C,13C-15N Glycine betaine,2572153600,62.8977
230921_Smp_RC078_UKG1_0nM_A,230921,Smp,RC078,UKG1,0nM,A,13C-15N Glycine betaine,5084523,62.8977
230921_Smp_RC078_UKG1_0nM_B,230921,Smp,RC078,UKG1,0nM,B,13C-15N Glycine betaine,1712400,62.8977
230921_Smp_RC078_UKG1_0nM_C,230921,Smp,RC078,UKG1,0nM,C,13C-15N Glycine betaine,973318,62.8977
230921_Smp_RC078_UKG1_10nM_A,230921,Smp,RC078,UKG1,10nM,A,13C-15N Glycine betaine,122843680,62.8977
230921_Smp_RC078_UKG1_10nM_B,230921,Smp,RC078,UKG1,10nM,B,13C-15N Glycine betaine,125703976,62.8977
230921_Smp_RC078_UKG1_10nM_C,230921,Smp,RC078,UKG1,10nM,C,13C-15N Glycine betaine,110228768,62.8977
230921_Smp_RC078_UKG1_50nM_A,230921,Smp,RC078,UKG1,50nM,A,13C-15N Glycine betaine,369878976,62.8977
230921_Smp_RC078_UKG1_50nM_B,230921,Smp,RC078,UKG1,50nM,B,13C-15N Glycine betaine,402932512,62.8977
230921_Smp_RC078_UKG1_50nM_C,230921,Smp,RC078,UKG1,50nM,C,13C-15N Glycine betaine,366469792,62.8977
230921_Smp_RC078_UKG1_200nM_A,230921,Smp,RC078,UKG1,200nM,A,13C-15N Glycine betaine,807256192,62.8977
230921_Smp_RC078_UKG1_200nM_B,230921,Smp,RC078,UKG1,200nM,B,13C-15N Glycine betaine,809284352,62.8977
230921_Smp_RC078_UKG1_200nM_C,230921,Smp,RC078,UKG1,200nM,C,13C-15N Glycine betaine,654305216,62.8977
230921_Smp_RC078_UKG1_500nM_A,230921,Smp,RC078,UKG1,500nM,A,13C-15N Glycine betaine,1034379712,62.8977
230921_Smp_RC078_UKG1_500nM_B,230921,Smp,RC078,UKG1,500nM,B,13C-15N Glycine betaine,1109435008,62.8977
230921_Smp_RC078_UKG1_500nM_C,230921,Smp,RC078,UKG1,500nM,C,13C-15N Glycine betaine,1076626304,62.8977
230921_Smp_RC078_UKG1_1000nM_A,230921,Smp,RC078,UKG1,1000nM,A,13C-15N Glycine betaine,1017039424,62.8977
230921_Smp_RC078_UKG1_1000nM_B,230921,Smp,RC078,UKG1,1000nM,B,13C-15N Glycine betaine,1257044992,62.8977
230921_Smp_RC078_UKG1_1000nM_C,230921,Smp,RC078,UKG1,1000nM,C,13C-15N Glycine betaine,1174036608,62.8977
230921_Smp_RC078_UKG1_2000nM_A,230921,Smp,RC078,UKG1,2000nM,A,13C-15N Glycine betaine,1415586560,62.8977
230921_Smp_RC078_UKG1_2000nM_B,230921,Smp,RC078,UKG1,2000nM,B,13C-15N Glycine betaine,1344081920,62.8977
230921_Smp_RC078_UKG1_2000nM_C,230921,Smp,RC078,UKG1,2000nM,C,13C-15N Glycine betaine,1565639424,62.8977
230921_Smp_RC078_UKG1_5000nM_A,230921,Smp,RC078,UKG1,5000nM,A,13C-15N Glycine betaine,1726790144,62.8977
230921_Smp_RC104_UKG1_ 0nM_A,230921,Smp,RC104,UKG1,0nM,A,13C-15N Glycine betaine,1210575,62.8977
230921_Smp_RC104_UKG1_ 0nM_B,230921,Smp,RC104,UKG1,0nM,B,13C-15N Glycine betaine,660441,62.8977
230921_Smp_RC104_UKG1_ 0nM_C,230921,Smp,RC104,UKG1,0nM,C,13C-15N Glycine betaine,512523,62.8977
230921_Smp_RC104_UKG1_10nM_A,230921,Smp,RC104,UKG1,10nM,A,13C-15N Glycine betaine,58294552,62.8977
230921_Smp_RC104_UKG1_10nM_B,230921,Smp,RC104,UKG1,10nM,B,13C-15N Glycine betaine,63294308,62.8977
230921_Smp_RC104_UKG1_10nM_C,230921,Smp,RC104,UKG1,10nM,C,13C-15N Glycine betaine,67480944,62.8977
230921_Smp_RC104_UKG1_100nM_A,230921,Smp,RC104,UKG1,100nM,A,13C-15N Glycine betaine,275186720,62.8977
230921_Smp_RC104_UKG1_100nM_B,230921,Smp,RC104,UKG1,100nM,B,13C-15N Glycine betaine,206771024,62.8977
230921_Smp_RC104_UKG1_100nM_C,230921,Smp,RC104,UKG1,100nM,C,13C-15N Glycine betaine,211428720,62.8977
230921_Smp_RC104_UKG1_250nM_A,230921,Smp,RC104,UKG1,250nM,A,13C-15N Glycine betaine,263255120,62.8977
230921_Smp_RC104_UKG1_250nM_B,230921,Smp,RC104,UKG1,250nM,B,13C-15N Glycine betaine,257200816,62.8977
230921_Smp_RC104_UKG1_250nM_Blk,230921,Smp,RC104,UKG1,250nM,Blk,13C-15N Glycine betaine,28708098,62.8977
230921_Smp_RC104_UKG1_250nM_C,230921,Smp,RC104,UKG1,250nM,C,13C-15N Glycine betaine,281505376,62.8977
230921_Smp_RC104_UKG1_500nM_A,230921,Smp,RC104,UKG1,500nM,A,13C-15N Glycine betaine,278130656,62.8977
230921_Smp_RC104_UKG1_500nM_B,230921,Smp,RC104,UKG1,500nM,B,13C-15N Glycine betaine,204242864,62.8977
230921_Smp_RC104_UKG1_500nM_Blk,230921,Smp,RC104,UKG1,500nM,Blk,13C-15N Glycine betaine,63235988,62.8977
230921_Smp_RC104_UKG1_500nM_C,230921,Smp,RC104,UKG1,500nM,C,13C-15N Glycine betaine,342646144,62.8977
230921_Smp_RC104_UKG1_1000nM_A,230921,Smp,RC104,UKG1,1000nM,A,13C-15N Glycine betaine,352465568,62.8977
230921_Smp_RC104_UKG1_1000nM_B,230921,Smp,RC104,UKG1,1000nM,B,13C-15N Glycine betaine,372297888,62.8977
230921_Smp_RC104_UKG1_1000nM_Blk,230921,Smp,RC104,UKG1,1000nM,Blk,13C-15N Glycine betaine,101741200,62.8977
230921_Smp_RC104_UKG1_1000nM_C,230921,Smp,RC104,UKG1,1000nM,C,13C-15N Glycine betaine,382181888,62.8977
230921_Smp_RC104_UKG1_3000nM_A,230921,Smp,RC104,UKG1,3000nM,A,13C-15N Glycine betaine,610168640,62.8977
230921_Smp_RC104_UKG1_3000nM_B,230921,Smp,RC104,UKG1,3000nM,B,13C-15N Glycine betaine,314473888,62.8977
230921_Smp_RC104_UKG1_3000nM_Blk,230921,Smp,RC104,UKG1,3000nM,Blk,13C-15N Glycine betaine,242960896,62.8977
230921_Smp_RC104_UKG1_3000nM_C,230921,Smp,RC104,UKG1,3000nM,C,13C-15N Glycine betaine,649758784,62.8977
230921_Smp_TN412_UKG_0nM_A,230921,Smp,TN412,UKG,0nM,A,13C-15N Glycine betaine,555500,45.1882
230921_Smp_TN412_UKG_0nM_B,230921,Smp,TN412,UKG,0nM,B,13C-15N Glycine betaine,377918,45.1882
230921_Smp_TN412_UKG_0nM_C,230921,Smp,TN412,UKG,0nM,C,13C-15N Glycine betaine,324283,45.1882
230921_Smp_TN412_UKG_2nM_A,230921,Smp,TN412,UKG,2nM,A,13C-15N Glycine betaine,4258858,45.1882
230921_Smp_TN412_UKG_2nM_B,230921,Smp,TN412,UKG,2nM,B,13C-15N Glycine betaine,4899798,45.1882
230921_Smp_TN412_UKG_2nM_C,230921,Smp,TN412,UKG,2nM,C,13C-15N Glycine betaine,5687336,45.1882
230921_Smp_TN412_UKG_5nM_A,230921,Smp,TN412,UKG,5nM,A,13C-15N Glycine betaine,7441542,45.1882
230921_Smp_TN412_UKG_5nM_B,230921,Smp,TN412,UKG,5nM,B,13C-15N Glycine betaine,6427611,45.1882
230921_Smp_TN412_UKG_5nM_blk,230921,Smp,TN412,UKG,5nM,blk,13C-15N Glycine betaine,100379,45.1882
230921_Smp_TN412_UKG_5nM_C,230921,Smp,TN412,UKG,5nM,C,13C-15N Glycine betaine,7470632,45.1882
230921_Smp_TN412_UKG_10nM_A,230921,Smp,TN412,UKG,10nM,A,13C-15N Glycine betaine,10001907,45.1882
230921_Smp_TN412_UKG_10nM_B,230921,Smp,TN412,UKG,10nM,B,13C-15N Glycine betaine,8500462,45.1882
230921_Smp_TN412_UKG_10nM_C,230921,Smp,TN412,UKG,10nM,C,13C-15N Glycine betaine,9702439,45.1882
230921_Smp_TN412_UKG_50nM_A,230921,Smp,TN412,UKG,50nM,A,13C-15N Glycine betaine,11367276,45.1882
230921_Smp_TN412_UKG_50nM_B,230921,Smp,TN412,UKG,50nM,B,13C-15N Glycine betaine,8726228,45.1882
230921_Smp_TN412_UKG_50nM_blk,230921,Smp,TN412,UKG,50nM,blk,13C-15N Glycine betaine,301180,45.1882
230921_Smp_TN412_UKG_50nM_C,230921,Smp,TN412,UKG,50nM,C,13C-15N Glycine betaine,11666759,45.1882
230921_Smp_TN412_UKG_200nM_A,230921,Smp,TN412,UKG,200nM,A,13C-15N Glycine betaine,14421193,45.1882
230921_Smp_TN412_UKG_200nM_B,230921,Smp,TN412,UKG,200nM,B,13C-15N Glycine betaine,15641052,45.1882
230921_Smp_TN412_UKG_200nM_C,230921,Smp,TN412,UKG,200nM,C,13C-15N Glycine betaine,17282116,45.1882
230921_Smp_TN412_UKG_1000nM_A,230921,Smp,TN412,UKG,1000nM,A,13C-15N Glycine betaine,16490118,45.1882
230921_Smp_TN412_UKG_1000nM_B,230921,Smp,TN412,UKG,1000nM,B,13C-15N Glycine betaine,16450214,45.1882
230921_Smp_TN412_UKG_1000nM_blk,230921,Smp,TN412,UKG,1000nM,blk,13C-15N Glycine betaine,2724773,45.1882
230921_Smp_TN412_UKG_1000nM_C,230921,Smp,TN412,UKG,1000nM,C,13C-15N Glycine betaine,16302642,45.1882
230921_Smp_RC078_UKG1_0nM_A,230921,Smp,RC078,UKG1,0nM,A,13C-15N Glycine betaine,1520840,45.1882
230921_Smp_RC078_UKG1_0nM_B,230921,Smp,RC078,UKG1,0nM,B,13C-15N Glycine betaine,2390016,45.1882
230921_Smp_RC078_UKG1_0nM_C,230921,Smp,RC078,UKG1,0nM,C,13C-15N Glycine betaine,1856207,45.1882
230921_Smp_RC078_UKG1_10nM_A,230921,Smp,RC078,UKG1,10nM,A,13C-15N Glycine betaine,2639692,45.1882
230921_Smp_RC078_UKG1_10nM_B,230921,Smp,RC078,UKG1,10nM,B,13C-15N Glycine betaine,2628559,45.1882
230921_Smp_RC078_UKG1_10nM_C,230921,Smp,RC078,UKG1,10nM,C,13C-15N Glycine betaine,2198685,45.1882
230921_Smp_RC078_UKG1_50nM_A,230921,Smp,RC078,UKG1,50nM,A,13C-15N Glycine betaine,4068785,45.1882
230921_Smp_RC078_UKG1_50nM_B,230921,Smp,RC078,UKG1,50nM,B,13C-15N Glycine betaine,4412540,45.1882
230921_Smp_RC078_UKG1_50nM_C,230921,Smp,RC078,UKG1,50nM,C,13C-15N Glycine betaine,3790725,45.1882
230921_Smp_RC078_UKG1_200nM_A,230921,Smp,RC078,UKG1,200nM,A,13C-15N Glycine betaine,7003613,45.1882
230921_Smp_RC078_UKG1_200nM_B,230921,Smp,RC078,UKG1,200nM,B,13C-15N Glycine betaine,7230741,45.1882
230921_Smp_RC078_UKG1_200nM_C,230921,Smp,RC078,UKG1,200nM,C,13C-15N Glycine betaine,5391051,45.1882
230921_Smp_RC078_UKG1_500nM_A,230921,Smp,RC078,UKG1,500nM,A,13C-15N Glycine betaine,8414330,45.1882
230921_Smp_RC078_UKG1_500nM_B,230921,Smp,RC078,UKG1,500nM,B,13C-15N Glycine betaine,8382168,45.1882
230921_Smp_RC078_UKG1_500nM_C,230921,Smp,RC078,UKG1,500nM,C,13C-15N Glycine betaine,8554121,45.1882
230921_Smp_RC078_UKG1_1000nM_A,230921,Smp,RC078,UKG1,1000nM,A,13C-15N Glycine betaine,7815745,45.1882
230921_Smp_RC078_UKG1_1000nM_B,230921,Smp,RC078,UKG1,1000nM,B,13C-15N Glycine betaine,10571736,45.1882
230921_Smp_RC078_UKG1_1000nM_C,230921,Smp,RC078,UKG1,1000nM,C,13C-15N Glycine betaine,9026169,45.1882
230921_Smp_RC078_UKG1_2000nM_A,230921,Smp,RC078,UKG1,2000nM,A,13C-15N Glycine betaine,11234447,45.1882
230921_Smp_RC078_UKG1_2000nM_B,230921,Smp,RC078,UKG1,2000nM,B,13C-15N Glycine betaine,10119136,45.1882
230921_Smp_RC078_UKG1_2000nM_C,230921,Smp,RC078,UKG1,2000nM,C,13C-15N Glycine betaine,11640681,45.1882
230921_Smp_RC078_UKG1_5000nM_A,230921,Smp,RC078,UKG1,5000nM,A,13C-15N Glycine betaine,12577430,45.1882
230921_Smp_RC104_UKG1_ 0nM_A,230921,Smp,RC104,UKG1,0nM,A,13C-15N Glycine betaine,106105,45.1882
230921_Smp_RC104_UKG1_ 0nM_B,230921,Smp,RC104,UKG1,0nM,B,13C-15N Glycine betaine,85768,45.1882
230921_Smp_RC104_UKG1_ 0nM_C,230921,Smp,RC104,UKG1,0nM,C,13C-15N Glycine betaine,88648,45.1882
230921_Smp_RC104_UKG1_10nM_A,230921,Smp,RC104,UKG1,10nM,A,13C-15N Glycine betaine,545303,45.1882
230921_Smp_RC104_UKG1_10nM_B,230921,Smp,RC104,UKG1,10nM,B,13C-15N Glycine betaine,514128,45.1882
230921_Smp_RC104_UKG1_10nM_C,230921,Smp,RC104,UKG1,10nM,C,13C-15N Glycine betaine,599761,45.1882
230921_Smp_RC104_UKG1_100nM_A,230921,Smp,RC104,UKG1,100nM,A,13C-15N Glycine betaine,1763430,45.1882
230921_Smp_RC104_UKG1_100nM_B,230921,Smp,RC104,UKG1,100nM,B,13C-15N Glycine betaine,1295409,45.1882
230921_Smp_RC104_UKG1_100nM_C,230921,Smp,RC104,UKG1,100nM,C,13C-15N Glycine betaine,1273410,45.1882
230921_Smp_RC104_UKG1_250nM_A,230921,Smp,RC104,UKG1,250nM,A,13C-15N Glycine betaine,1715783,45.1882
230921_Smp_RC104_UKG1_250nM_B,230921,Smp,RC104,UKG1,250nM,B,13C-15N Glycine betaine,1682608,45.1882
230921_Smp_RC104_UKG1_250nM_Blk,230921,Smp,RC104,UKG1,250nM,Blk,13C-15N Glycine betaine,177840,45.1882
230921_Smp_RC104_UKG1_250nM_C,230921,Smp,RC104,UKG1,250nM,C,13C-15N Glycine betaine,1781646,45.1882
230921_Smp_RC104_UKG1_500nM_A,230921,Smp,RC104,UKG1,500nM,A,13C-15N Glycine betaine,1689983,45.1882
230921_Smp_RC104_UKG1_500nM_B,230921,Smp,RC104,UKG1,500nM,B,13C-15N Glycine betaine,1311159,45.1882
230921_Smp_RC104_UKG1_500nM_Blk,230921,Smp,RC104,UKG1,500nM,Blk,13C-15N Glycine betaine,382152,45.1882
230921_Smp_RC104_UKG1_500nM_C,230921,Smp,RC104,UKG1,500nM,C,13C-15N Glycine betaine,2210539,45.1882
230921_Smp_RC104_UKG1_1000nM_A,230921,Smp,RC104,UKG1,1000nM,A,13C-15N Glycine betaine,2191522,45.1882
230921_Smp_RC104_UKG1_1000nM_B,230921,Smp,RC104,UKG1,1000nM,B,13C-15N Glycine betaine,2268831,45.1882
230921_Smp_RC104_UKG1_1000nM_Blk,230921,Smp,RC104,UKG1,1000nM,Blk,13C-15N Glycine betaine,557829,45.1882
230921_Smp_RC104_UKG1_1000nM_C,230921,Smp,RC104,UKG1,1000nM,C,13C-15N Glycine betaine,2325749,45.1882
230921_Smp_RC104_UKG1_3000nM_A,230921,Smp,RC104,UKG1,3000nM,A,13C-15N Glycine betaine,3760226,45.1882
230921_Smp_RC104_UKG1_3000nM_B,230921,Smp,RC104,UKG1,3000nM,B,13C-15N Glycine betaine,1889100,45.1882
230921_Smp_RC104_UKG1_3000nM_Blk,230921,Smp,RC104,UKG1,3000nM,Blk,13C-15N Glycine betaine,1436693,45.1882
230921_Smp_RC104_UKG1_3000nM_C,230921,Smp,RC104,UKG1,3000nM,C,13C-15N Glycine betaine,3906594,45.1882
